CLEE,Id,Nombre,Razon_social,Clase_actividad,Estrato,Tipo_vialidad,Calle,Num_Exterior,Num_Interior,Colonia,CP,Ubicacion,Telefono,Correo_e,Sitio_internet,Tipo,Longitud,Latitud,tipo_corredor_industrial,nom_corredor_industrial,numero_local,AGEB,Manzana,CLASE_ACTIVIDAD_ID,EDIFICIO_PISO,SECTOR_ACTIVIDAD_ID,SUBSECTOR_ACTIVIDAD_ID,RAMA_ACTIVIDAD_ID,SUBRAMA_ACTIVIDAD_ID,EDIFICIO,Tipo_Asentamiento,Fecha_Alta,AreaGeo,clasificacion,estatus_publicacion,prioridad_comercial,score_publicabilidad,motivo_clasificacion,accion_siguiente,municipio,direccion_completa,tiene_telefono,tiene_correo,tiene_web,tiene_coordenadas,publish_rank,publication_score,public_name,category_public,estado_slug,municipio_slug,business_slug,url_path,canonical_url,published_status,published_at,scheduled_date,publication_batch,noindex,sitemap_include,sitemap_priority,sitemap_changefreq,lastmod,schema_type,h1,seo_title,seo_description,public_description,source,pre_publish_check
19039468211005822002000000U7,2969909,VENTA DE REFACCIONES,,"Comercio al por menor de partes y refacciones nuevas para automóviles, camionetas y camiones",6 a 10 personas,CALLE,WASHINGTON,1301,,CENTRO,64000,"Monterrey, Monterrey, Nuevo León",8183408700,INFO6@ROSCO.COM.MX,WWW.ROSCO.COM.MX,Fijo,-100.32609315,25.67577063,,,,1667,005,468211,,46,468,4682,46821,,COLONIA,2014-12,190390001,A,listo para publicar,alta,17,tiene teléfono; tiene correo; tiene sitio web; tiene coordenadas; dirección suficiente; nombre relevante para refacciones/autopartes; señal comercial B2B/autopartes,publicar ficha y preparar contacto comercial,Monterrey,"CALLE, WASHINGTON, 1301, CENTRO, 64000, Monterrey, Monterrey, Nuevo León",sí,sí,sí,sí,1,84,Venta De Refacciones,Refacciones diesel y camión,nuevo-leon,monterrey,venta-de-refacciones-monterrey-969909,/nuevo-leon/monterrey/venta-de-refacciones-monterrey-969909/,https://www.rankearefaccionarias.info/nuevo-leon/monterrey/venta-de-refacciones-monterrey-969909/,published,2026-08-23,,top_100_lanzamiento,false,true,0.8,monthly,2026-08-23,AutoPartsStore,"Venta De Refacciones en Monterrey, Nuevo León","Venta De Refacciones | Refaccionaria en Monterrey, Nuevo León","Ficha de Venta De Refacciones, negocio registrado en DENUE dentro del giro de refacciones y autopartes en Monterrey, Nuevo León.","Venta De Refacciones es un negocio registrado en DENUE/INEGI dentro del giro de comercio al por menor de partes y refacciones nuevas para automóviles, camionetas y camiones en Monterrey, Nuevo León.",DENUE/INEGI,ok_para_publicar
19039436111000092000000000U3,3028998,TRACTOPARTES MARROQUIN,,"Comercio al por menor de partes y refacciones nuevas para automóviles, camionetas y camiones",6 a 10 personas,CALLE,ALFONSO SANTOS PALOMO,329,,COYOACAN,64510,"Monterrey, Monterrey, Nuevo León",8181919451,SUPERTRACTOPARTESHM@YAHOO.COM.MX,TRACTOPARTESMARROQUIN.COM,Fijo,-100.28019959,25.70536841,,,,0851,006,468211,,46,468,4682,46821,,COLONIA,2010-07,190390001,A,listo para publicar,alta,17,tiene teléfono; tiene correo; tiene sitio web; tiene coordenadas; dirección suficiente; nombre relevante para refacciones/autopartes; señal comercial B2B/autopartes,publicar ficha y preparar contacto comercial,Monterrey,"CALLE, ALFONSO SANTOS PALOMO, 329, COYOACAN, 64510, Monterrey, Monterrey, Nuevo León",sí,sí,sí,sí,2,84,Tractopartes Marroquin,Refacciones diesel y camión,nuevo-leon,monterrey,tractopartes-marroquin-monterrey-028998,/nuevo-leon/monterrey/tractopartes-marroquin-monterrey-028998/,https://www.rankearefaccionarias.info/nuevo-leon/monterrey/tractopartes-marroquin-monterrey-028998/,published,2026-08-23,,top_100_lanzamiento,false,true,0.8,monthly,2026-08-23,AutoPartsStore,"Tractopartes Marroquin en Monterrey, Nuevo León","Tractopartes Marroquin | Refaccionaria en Monterrey, Nuevo León","Ficha de Tractopartes Marroquin, negocio registrado en DENUE dentro del giro de refacciones y autopartes en Monterrey, Nuevo León.","Tractopartes Marroquin es un negocio registrado en DENUE/INEGI dentro del giro de comercio al por menor de partes y refacciones nuevas para automóviles, camionetas y camiones en Monterrey, Nuevo León.",DENUE/INEGI,ok_para_publicar
19039468211005454001000000U9,6365052,TRACTO REFACCIONES AMERICA,TRACTO-REFACCIONES AMERICA,"Comercio al por menor de partes y refacciones nuevas para automóviles, camionetas y camiones",6 a 10 personas,AVENIDA,FÉLIX URESTI GÓMEZ,4201,,INDUSTRIAL BENITO JUAREZ,64510,"Monterrey, Monterrey, Nuevo León",8180305960,CRODRIGUEZ@TRASA.COM.MX,WWW.TRASA.COM.MX,Fijo,-100.28307311,25.70696336,,,,0851,014,468211,,46,468,4682,46821,,COLONIA,2010-07,190390001,A,listo para publicar,alta,17,tiene teléfono; tiene correo; tiene sitio web; tiene coordenadas; dirección suficiente; nombre relevante para refacciones/autopartes; señal comercial B2B/autopartes,publicar ficha y preparar contacto comercial,Monterrey,"AVENIDA, FÉLIX URESTI GÓMEZ, 4201, INDUSTRIAL BENITO JUAREZ, 64510, Monterrey, Monterrey, Nuevo León",sí,sí,sí,sí,3,84,Tracto Refacciones America,Refacciones diesel y camión,nuevo-leon,monterrey,tracto-refacciones-america-monterrey-365052,/nuevo-leon/monterrey/tracto-refacciones-america-monterrey-365052/,https://www.rankearefaccionarias.info/nuevo-leon/monterrey/tracto-refacciones-america-monterrey-365052/,published,2026-08-23,,top_100_lanzamiento,false,true,0.8,monthly,2026-08-23,AutoPartsStore,"Tracto Refacciones America en Monterrey, Nuevo León","Tracto Refacciones America | Refaccionaria en Monterrey, Nuevo León","Ficha de Tracto Refacciones America, negocio registrado en DENUE dentro del giro de refacciones y autopartes en Monterrey, Nuevo León.","Tracto Refacciones America es un negocio registrado en DENUE/INEGI dentro del giro de comercio al por menor de partes y refacciones nuevas para automóviles, camionetas y camiones en Monterrey, Nuevo León.",DENUE/INEGI,ok_para_publicar
19039468211011952000000000U4,10938644,REFACCIONES,,"Comercio al por menor de partes y refacciones nuevas para automóviles, camionetas y camiones",6 a 10 personas,AVENIDA,ADOLFO RUIZ CORTINES,,,COYOACÁN,64510,"Monterrey, Monterrey, Nuevo León",8180516708,QUIKEJN@HOTMAIL.COM,WWW.TRACTREFACCIONESSBASTIAN.COM,Fijo,-100.28490554,25.70382218,,,,0851,010,468211,,46,468,4682,46821,,COLONIA,2024-11,190390001,A,listo para publicar,alta,17,tiene teléfono; tiene correo; tiene sitio web; tiene coordenadas; dirección suficiente; nombre relevante para refacciones/autopartes; señal comercial B2B/autopartes,publicar ficha y preparar contacto comercial,Monterrey,"AVENIDA, ADOLFO RUIZ CORTINES, COYOACÁN, 64510, Monterrey, Monterrey, Nuevo León",sí,sí,sí,sí,4,84,Refacciones,Refacciones diesel y camión,nuevo-leon,monterrey,refacciones-monterrey-938644,/nuevo-leon/monterrey/refacciones-monterrey-938644/,https://www.rankearefaccionarias.info/nuevo-leon/monterrey/refacciones-monterrey-938644/,published,2026-08-23,,top_100_lanzamiento,false,true,0.8,monthly,2026-08-23,AutoPartsStore,"Refacciones en Monterrey, Nuevo León","Refacciones | Refaccionaria en Monterrey, Nuevo León","Ficha de Refacciones, negocio registrado en DENUE dentro del giro de refacciones y autopartes en Monterrey, Nuevo León.","Refacciones es un negocio registrado en DENUE/INEGI dentro del giro de comercio al por menor de partes y refacciones nuevas para automóviles, camionetas y camiones en Monterrey, Nuevo León.",DENUE/INEGI,ok_para_publicar
19039468211009821000000000U5,8297900,MOTO EQUIPO Y REFACCIONES STIHLE,MOTO EQUIPO Y REFACCIONES STIHLE,"Comercio al por menor de partes y refacciones nuevas para automóviles, camionetas y camiones",0 a 5 personas,AVENIDA,EUGENIO GARZA SADA,6302,,CIUDAD SATÉLITE,64960,"Monterrey, Monterrey, Nuevo León",8181037484,STHILMONTERREY@GMAIL.COM,WWW.STHILMONTERREY.COM,Fijo,-100.26786161,25.60436847,CENTRO Y PLAZA COMERCIAL,SIN NOMBRE,2,235A,020,468211,1,46,468,4682,46821,EDIFICIO SIN NOMBRE,COLONIA,2019-11,190390001,A,listo para publicar,alta,17,tiene teléfono; tiene correo; tiene sitio web; tiene coordenadas; dirección suficiente; nombre relevante para refacciones/autopartes; señal comercial B2B/autopartes,publicar ficha y preparar contacto comercial,Monterrey,"AVENIDA, EUGENIO GARZA SADA, 6302, CIUDAD SATÉLITE, 64960, Monterrey, Monterrey, Nuevo León",sí,sí,sí,sí,5,84,Moto Equipo Y Refacciones Stihle,Refacciones diesel y camión,nuevo-leon,monterrey,moto-equipo-y-refacciones-stihle-monterrey-297900,/nuevo-leon/monterrey/moto-equipo-y-refacciones-stihle-monterrey-297900/,https://www.rankearefaccionarias.info/nuevo-leon/monterrey/moto-equipo-y-refacciones-stihle-monterrey-297900/,published,2026-08-23,,top_100_lanzamiento,false,true,0.8,monthly,2026-08-23,AutoPartsStore,"Moto Equipo Y Refacciones Stihle en Monterrey, Nuevo León","Moto Equipo Y Refacciones Stihle | Refaccionaria en Monterrey, Nuevo León","Ficha de Moto Equipo Y Refacciones Stihle, negocio registrado en DENUE dentro del giro de refacciones y autopartes en Monterrey, Nuevo León.","Moto Equipo Y Refacciones Stihle es un negocio registrado en DENUE/INEGI dentro del giro de comercio al por menor de partes y refacciones nuevas para automóviles, camionetas y camiones en Monterrey, Nuevo León.",DENUE/INEGI,ok_para_publicar
19039468211004232000000000U0,2972461,FILTROS Y REFACCIONES DE MONTERREY,FILTROS Y REFACCIONES DE MONTERREY,"Comercio al por menor de partes y refacciones nuevas para automóviles, camionetas y camiones",11 a 30 personas,CALLE,MORA,2865,,MODERNA,64530,"Monterrey, Monterrey, Nuevo León",8183520440,CONTABILIDAD@FILTROSYREFACCIONES.COM,WWW.FILTROSYREFACCIONES.COM,Fijo,-100.27846972,25.69924273,,,,1099,011,468211,,46,468,4682,46821,,COLONIA,2014-12,190390001,A,listo para publicar,alta,17,tiene teléfono; tiene correo; tiene sitio web; tiene coordenadas; dirección suficiente; nombre relevante para refacciones/autopartes; señal comercial B2B/autopartes,publicar ficha y preparar contacto comercial,Monterrey,"CALLE, MORA, 2865, MODERNA, 64530, Monterrey, Monterrey, Nuevo León",sí,sí,sí,sí,6,84,Filtros Y Refacciones De Monterrey,Refacciones diesel y camión,nuevo-leon,monterrey,filtros-y-refacciones-de-monterrey-monterrey-972461,/nuevo-leon/monterrey/filtros-y-refacciones-de-monterrey-monterrey-972461/,https://www.rankearefaccionarias.info/nuevo-leon/monterrey/filtros-y-refacciones-de-monterrey-monterrey-972461/,published,2026-08-23,,top_100_lanzamiento,false,true,0.8,monthly,2026-08-23,AutoPartsStore,"Filtros Y Refacciones De Monterrey en Monterrey, Nuevo León","Filtros Y Refacciones De Monterrey | Refaccionaria en Monterrey, Nuevo León","Ficha de Filtros Y Refacciones De Monterrey, negocio registrado en DENUE dentro del giro de refacciones y autopartes en Monterrey, Nuevo León.","Filtros Y Refacciones De Monterrey es un negocio registrado en DENUE/INEGI dentro del giro de comercio al por menor de partes y refacciones nuevas para automóviles, camionetas y camiones en Monterrey, Nuevo León.",DENUE/INEGI,ok_para_publicar
19039468211005273001000000U3,3031708,CHM AUTOPARTES,,"Comercio al por menor de partes y refacciones nuevas para automóviles, camionetas y camiones",0 a 5 personas,CALLE,NUEVA ROSITA,1215,,MADERO,64103,"Monterrey, Monterrey, Nuevo León",8183558705,CARBURADORESHENRY@YAHOO.COM.MX,WWW.CARBURADORESHENRY.COM,Fijo,-100.28526056,25.68429598,,,,1385,015,468211,,46,468,4682,46821,,COLONIA,2010-07,190390001,A,listo para publicar,alta,17,tiene teléfono; tiene correo; tiene sitio web; tiene coordenadas; dirección suficiente; nombre relevante para refacciones/autopartes; señal comercial B2B/autopartes,publicar ficha y preparar contacto comercial,Monterrey,"CALLE, NUEVA ROSITA, 1215, MADERO, 64103, Monterrey, Monterrey, Nuevo León",sí,sí,sí,sí,7,84,Chm Autopartes,Refacciones diesel y camión,nuevo-leon,monterrey,chm-autopartes-monterrey-031708,/nuevo-leon/monterrey/chm-autopartes-monterrey-031708/,https://www.rankearefaccionarias.info/nuevo-leon/monterrey/chm-autopartes-monterrey-031708/,published,2026-08-23,,top_100_lanzamiento,false,true,0.8,monthly,2026-08-23,AutoPartsStore,"Chm Autopartes en Monterrey, Nuevo León","Chm Autopartes | Refaccionaria en Monterrey, Nuevo León","Ficha de Chm Autopartes, negocio registrado en DENUE dentro del giro de refacciones y autopartes en Monterrey, Nuevo León.","Chm Autopartes es un negocio registrado en DENUE/INEGI dentro del giro de comercio al por menor de partes y refacciones nuevas para automóviles, camionetas y camiones en Monterrey, Nuevo León.",DENUE/INEGI,ok_para_publicar
19039468211012731000000000U1,12296498,AUTO ELECTRICA DIESEL,AUTO ELECTRICA DIESEL,"Comercio al por menor de partes y refacciones nuevas para automóviles, camionetas y camiones",0 a 5 personas,AVENIDA,GENERAL BERNARDO REYES,1823,,INDUSTRIAL,64440,"Monterrey, Monterrey, Nuevo León",8181060050,VENTASMTY@AEDIESEL.COM,WWW.AUTOELECTRICADIESEL.COM,Fijo,-100.3240827,25.69402794,,,,1224,023,468211,,46,468,4682,46821,,COLONIA,2026-04,190390001,A,listo para publicar,alta,17,tiene teléfono; tiene correo; tiene sitio web; tiene coordenadas; dirección suficiente; nombre relevante para refacciones/autopartes; señal comercial B2B/autopartes,publicar ficha y preparar contacto comercial,Monterrey,"AVENIDA, GENERAL BERNARDO REYES, 1823, INDUSTRIAL, 64440, Monterrey, Monterrey, Nuevo León",sí,sí,sí,sí,8,84,Auto Electrica Diesel,Refacciones diesel y camión,nuevo-leon,monterrey,auto-electrica-diesel-monterrey-296498,/nuevo-leon/monterrey/auto-electrica-diesel-monterrey-296498/,https://www.rankearefaccionarias.info/nuevo-leon/monterrey/auto-electrica-diesel-monterrey-296498/,published,2026-08-23,,top_100_lanzamiento,false,true,0.8,monthly,2026-08-23,AutoPartsStore,"Auto Electrica Diesel en Monterrey, Nuevo León","Auto Electrica Diesel | Refaccionaria en Monterrey, Nuevo León","Ficha de Auto Electrica Diesel, negocio registrado en DENUE dentro del giro de refacciones y autopartes en Monterrey, Nuevo León.","Auto Electrica Diesel es un negocio registrado en DENUE/INEGI dentro del giro de comercio al por menor de partes y refacciones nuevas para automóviles, camionetas y camiones en Monterrey, Nuevo León.",DENUE/INEGI,ok_para_publicar
19039468211009011001000000U3,8391719,ROSCO REFACCIONARIA,,"Comercio al por menor de partes y refacciones nuevas para automóviles, camionetas y camiones",6 a 10 personas,AVENIDA,PENITENCIARIA,2343,,FERROCARRILERA,64250,"Monterrey, Monterrey, Nuevo León",8183010240,VENTAS11@ROSCO.COM.MX,WWW.ROSCO.COM.MX,Fijo,-100.341789,25.72497738,,,,0531,040,468211,,46,468,4682,46821,,COLONIA,2019-11,190390001,A,listo para publicar,alta,16,tiene teléfono; tiene correo; tiene sitio web; tiene coordenadas; dirección suficiente; nombre relevante para refacciones/autopartes,publicar ficha y preparar contacto comercial,Monterrey,"AVENIDA, PENITENCIARIA, 2343, FERROCARRILERA, 64250, Monterrey, Monterrey, Nuevo León",sí,sí,sí,sí,9,83,Rosco Refaccionaria,Refacciones diesel y camión,nuevo-leon,monterrey,rosco-refaccionaria-monterrey-391719,/nuevo-leon/monterrey/rosco-refaccionaria-monterrey-391719/,https://www.rankearefaccionarias.info/nuevo-leon/monterrey/rosco-refaccionaria-monterrey-391719/,published,2026-08-23,,top_100_lanzamiento,false,true,0.8,monthly,2026-08-23,AutoPartsStore,"Rosco Refaccionaria en Monterrey, Nuevo León","Rosco Refaccionaria | Refaccionaria en Monterrey, Nuevo León","Ficha de Rosco Refaccionaria, negocio registrado en DENUE dentro del giro de refacciones y autopartes en Monterrey, Nuevo León.","Rosco Refaccionaria es un negocio registrado en DENUE/INEGI dentro del giro de comercio al por menor de partes y refacciones nuevas para automóviles, camionetas y camiones en Monterrey, Nuevo León.",DENUE/INEGI,ok_para_publicar
19039468211010341000000000U1,8288046,REFACCIONARIA SCORPION 77,,"Comercio al por menor de partes y refacciones nuevas para automóviles, camionetas y camiones",0 a 5 personas,CALLE,JOSE MANUEL OTHON,2726,,PABLO A. DE LA GARZA,64580,"Monterrey, Monterrey, Nuevo León",8183548989,PDELACRUZF@GMAIL.COM,SCORPION77.COM,Fijo,-100.28767482,25.68436606,,,,1328,012,468211,,46,468,4682,46821,,COLONIA,2019-11,190390001,A,listo para publicar,alta,16,tiene teléfono; tiene correo; tiene sitio web; tiene coordenadas; dirección suficiente; nombre relevante para refacciones/autopartes,publicar ficha y preparar contacto comercial,Monterrey,"CALLE, JOSE MANUEL OTHON, 2726, PABLO A. DE LA GARZA, 64580, Monterrey, Monterrey, Nuevo León",sí,sí,sí,sí,10,83,Refaccionaria Scorpion 77,Refacciones diesel y camión,nuevo-leon,monterrey,refaccionaria-scorpion-77-monterrey-288046,/nuevo-leon/monterrey/refaccionaria-scorpion-77-monterrey-288046/,https://www.rankearefaccionarias.info/nuevo-leon/monterrey/refaccionaria-scorpion-77-monterrey-288046/,published,2026-08-23,,top_100_lanzamiento,false,true,0.8,monthly,2026-08-23,AutoPartsStore,"Refaccionaria Scorpion 77 en Monterrey, Nuevo León","Refaccionaria Scorpion 77 | Refaccionaria en Monterrey, Nuevo León","Ficha de Refaccionaria Scorpion 77, negocio registrado en DENUE dentro del giro de refacciones y autopartes en Monterrey, Nuevo León.","Refaccionaria Scorpion 77 es un negocio registrado en DENUE/INEGI dentro del giro de comercio al por menor de partes y refacciones nuevas para automóviles, camionetas y camiones en Monterrey, Nuevo León.",DENUE/INEGI,ok_para_publicar
19039468211008301000000000U9,6806412,REFACCIONARIA ROSCO MIRADOR,,"Comercio al por menor de partes y refacciones nuevas para automóviles, camionetas y camiones",0 a 5 personas,CALLE,CAMINO AL MIRADOR,3717,,BURÓCRATAS MUNICIPALES PRIMER SECTOR,64760,"Monterrey, Monterrey, Nuevo León",8112345010,VENTAS1@ROSCO.COM.MX,WWW.ROSCO.COM.MX,Fijo,-100.29917916,25.63225604,,,,3682,006,468211,,46,468,4682,46821,,COLONIA,2017-11,190390001,A,listo para publicar,alta,16,tiene teléfono; tiene correo; tiene sitio web; tiene coordenadas; dirección suficiente; nombre relevante para refacciones/autopartes,publicar ficha y preparar contacto comercial,Monterrey,"CALLE, CAMINO AL MIRADOR, 3717, BURÓCRATAS MUNICIPALES PRIMER SECTOR, 64760, Monterrey, Monterrey, Nuevo León",sí,sí,sí,sí,11,83,Refaccionaria Rosco Mirador,Refacciones diesel y camión,nuevo-leon,monterrey,refaccionaria-rosco-mirador-monterrey-806412,/nuevo-leon/monterrey/refaccionaria-rosco-mirador-monterrey-806412/,https://www.rankearefaccionarias.info/nuevo-leon/monterrey/refaccionaria-rosco-mirador-monterrey-806412/,published,2026-08-23,,top_100_lanzamiento,false,true,0.8,monthly,2026-08-23,AutoPartsStore,"Refaccionaria Rosco Mirador en Monterrey, Nuevo León","Refaccionaria Rosco Mirador | Refaccionaria en Monterrey, Nuevo León","Ficha de Refaccionaria Rosco Mirador, negocio registrado en DENUE dentro del giro de refacciones y autopartes en Monterrey, Nuevo León.","Refaccionaria Rosco Mirador es un negocio registrado en DENUE/INEGI dentro del giro de comercio al por menor de partes y refacciones nuevas para automóviles, camionetas y camiones en Monterrey, Nuevo León.",DENUE/INEGI,ok_para_publicar
19039468211008421001000000U5,9239178,REFACCIONARIA ROSCO,,"Comercio al por menor de partes y refacciones nuevas para automóviles, camionetas y camiones",6 a 10 personas,CALLE,PABLO A DE LA GARZA,3023,,MODERNA,64530,"Monterrey, Monterrey, Nuevo León",8120635267,VENTAS13@ROSCO.COM.MX,WWW.ROSCO.COM.MX,Fijo,-100.28715638,25.70068852,,,,1050,026,468211,,46,468,4682,46821,,COLONIA,2020-04,190390001,A,listo para publicar,alta,16,tiene teléfono; tiene correo; tiene sitio web; tiene coordenadas; dirección suficiente; nombre relevante para refacciones/autopartes,publicar ficha y preparar contacto comercial,Monterrey,"CALLE, PABLO A DE LA GARZA, 3023, MODERNA, 64530, Monterrey, Monterrey, Nuevo León",sí,sí,sí,sí,12,83,Refaccionaria Rosco,Refacciones diesel y camión,nuevo-leon,monterrey,refaccionaria-rosco-monterrey-239178,/nuevo-leon/monterrey/refaccionaria-rosco-monterrey-239178/,https://www.rankearefaccionarias.info/nuevo-leon/monterrey/refaccionaria-rosco-monterrey-239178/,published,2026-08-23,,top_100_lanzamiento,false,true,0.8,monthly,2026-08-23,AutoPartsStore,"Refaccionaria Rosco en Monterrey, Nuevo León","Refaccionaria Rosco | Refaccionaria en Monterrey, Nuevo León","Ficha de Refaccionaria Rosco, negocio registrado en DENUE dentro del giro de refacciones y autopartes en Monterrey, Nuevo León.","Refaccionaria Rosco es un negocio registrado en DENUE/INEGI dentro del giro de comercio al por menor de partes y refacciones nuevas para automóviles, camionetas y camiones en Monterrey, Nuevo León.",DENUE/INEGI,ok_para_publicar
19039468211006352000000000U4,2996337,REFACCIONARIA LA LOMA,,"Comercio al por menor de partes y refacciones nuevas para automóviles, camionetas y camiones",6 a 10 personas,AVENIDA,EUGENIO GARZA SADA,6118,,MEDEROS,64960,"Monterrey, Monterrey, Nuevo León",8183579095,REFACCIONARIALALOMA@HOTMAIL.COM,WWW.REFACCIONARIALALOMA.COM,Fijo,-100.26995055,25.60813021,,,,3767,022,468211,,46,468,4682,46821,,COLONIA,2014-12,190390001,A,listo para publicar,alta,16,tiene teléfono; tiene correo; tiene sitio web; tiene coordenadas; dirección suficiente; nombre relevante para refacciones/autopartes,publicar ficha y preparar contacto comercial,Monterrey,"AVENIDA, EUGENIO GARZA SADA, 6118, MEDEROS, 64960, Monterrey, Monterrey, Nuevo León",sí,sí,sí,sí,13,83,Refaccionaria La Loma,Refacciones diesel y camión,nuevo-leon,monterrey,refaccionaria-la-loma-monterrey-996337,/nuevo-leon/monterrey/refaccionaria-la-loma-monterrey-996337/,https://www.rankearefaccionarias.info/nuevo-leon/monterrey/refaccionaria-la-loma-monterrey-996337/,published,2026-08-23,,top_100_lanzamiento,false,true,0.8,monthly,2026-08-23,AutoPartsStore,"Refaccionaria La Loma en Monterrey, Nuevo León","Refaccionaria La Loma | Refaccionaria en Monterrey, Nuevo León","Ficha de Refaccionaria La Loma, negocio registrado en DENUE dentro del giro de refacciones y autopartes en Monterrey, Nuevo León.","Refaccionaria La Loma es un negocio registrado en DENUE/INEGI dentro del giro de comercio al por menor de partes y refacciones nuevas para automóviles, camionetas y camiones en Monterrey, Nuevo León.",DENUE/INEGI,ok_para_publicar
19039468211004392001000000U2,2923345,REFACCIONARIA GONZALEZ,REFACCIONARIA GONZALEZ,"Comercio al por menor de partes y refacciones nuevas para automóviles, camionetas y camiones",0 a 5 personas,CALZADA,FRANCISCO I MADERO,1155,,TREVIÑO,64000,"Monterrey, Monterrey, Nuevo León",8183756155,OSCAR@REFAGONZALEZ.COM.MX,WWW.REFAGONZALEZ.COM,Fijo,-100.30284892,25.6828849,,,,1563,042,468211,,46,468,4682,46821,,COLONIA,2010-07,190390001,A,listo para publicar,alta,16,tiene teléfono; tiene correo; tiene sitio web; tiene coordenadas; dirección suficiente; nombre relevante para refacciones/autopartes,publicar ficha y preparar contacto comercial,Monterrey,"CALZADA, FRANCISCO I MADERO, 1155, TREVIÑO, 64000, Monterrey, Monterrey, Nuevo León",sí,sí,sí,sí,14,83,Refaccionaria Gonzalez,Refacciones diesel y camión,nuevo-leon,monterrey,refaccionaria-gonzalez-monterrey-923345,/nuevo-leon/monterrey/refaccionaria-gonzalez-monterrey-923345/,https://www.rankearefaccionarias.info/nuevo-leon/monterrey/refaccionaria-gonzalez-monterrey-923345/,published,2026-08-23,,top_100_lanzamiento,false,true,0.8,monthly,2026-08-23,AutoPartsStore,"Refaccionaria Gonzalez en Monterrey, Nuevo León","Refaccionaria Gonzalez | Refaccionaria en Monterrey, Nuevo León","Ficha de Refaccionaria Gonzalez, negocio registrado en DENUE dentro del giro de refacciones y autopartes en Monterrey, Nuevo León.","Refaccionaria Gonzalez es un negocio registrado en DENUE/INEGI dentro del giro de comercio al por menor de partes y refacciones nuevas para automóviles, camionetas y camiones en Monterrey, Nuevo León.",DENUE/INEGI,ok_para_publicar
19039468211012591000000000U9,11785055,LLANTAS CAVAZOS,LLANTAS CAVAZOS,"Comercio al por menor de partes y refacciones nuevas para automóviles, camionetas y camiones",0 a 5 personas,AVENIDA,PASEO DE LOS LEONES,112,,CUMBRES ELITE 6O SEC,66230,"Monterrey, Monterrey, Nuevo León",8115290801,GERENTE.CUMBRES@LLANTASCAVASOS.COM,LLANTASCAVAZOS.COM,Fijo,-100.40650821,25.738985,,,,5208,032,468211,,46,468,4682,46821,,FRACCIONAMIENTO,2025-04,190390001,A,listo para publicar,alta,16,tiene teléfono; tiene correo; tiene sitio web; tiene coordenadas; dirección suficiente; nombre relevante para refacciones/autopartes,publicar ficha y preparar contacto comercial,Monterrey,"AVENIDA, PASEO DE LOS LEONES, 112, CUMBRES ELITE 6O SEC, 66230, Monterrey, Monterrey, Nuevo León",sí,sí,sí,sí,15,83,Llantas Cavazos,Refacciones diesel y camión,nuevo-leon,monterrey,llantas-cavazos-monterrey-785055,/nuevo-leon/monterrey/llantas-cavazos-monterrey-785055/,https://www.rankearefaccionarias.info/nuevo-leon/monterrey/llantas-cavazos-monterrey-785055/,published,2026-08-23,,top_100_lanzamiento,false,true,0.8,monthly,2026-08-23,AutoPartsStore,"Llantas Cavazos en Monterrey, Nuevo León","Llantas Cavazos | Refaccionaria en Monterrey, Nuevo León","Ficha de Llantas Cavazos, negocio registrado en DENUE dentro del giro de refacciones y autopartes en Monterrey, Nuevo León.","Llantas Cavazos es un negocio registrado en DENUE/INEGI dentro del giro de comercio al por menor de partes y refacciones nuevas para automóviles, camionetas y camiones en Monterrey, Nuevo León.",DENUE/INEGI,ok_para_publicar
19039468211004943001009053M2,6236223,VITROCAR SA DE CV,VITROCAR,"Comercio al por menor de partes y refacciones nuevas para automóviles, camionetas y camiones",0 a 5 personas,AVENIDA,FRANCISCO I. MADERO,2950,,MITRAS CENTRO,66460,"Monterrey, Monterrey, Nuevo León",8281010073,ECAMPOS@VITRO.COM,WWW.VITRO.COM,Fijo,-100.34347768,25.68703749,,,,1455,031,468211,,46,468,4682,46821,,COLONIA,2010-07,190390001,A,listo para publicar,alta,15,tiene teléfono; tiene correo; tiene sitio web; tiene coordenadas; dirección suficiente,publicar ficha y preparar contacto comercial,Monterrey,"AVENIDA, FRANCISCO I. MADERO, 2950, MITRAS CENTRO, 66460, Monterrey, Monterrey, Nuevo León",sí,sí,sí,sí,16,82,Vitrocar S.A. de C.V.,Refacciones diesel y camión,nuevo-leon,monterrey,vitrocar-sa-de-cv-monterrey-236223,/nuevo-leon/monterrey/vitrocar-sa-de-cv-monterrey-236223/,https://www.rankearefaccionarias.info/nuevo-leon/monterrey/vitrocar-sa-de-cv-monterrey-236223/,published,2026-08-23,,top_100_lanzamiento,false,true,0.8,monthly,2026-08-23,AutoPartsStore,"Vitrocar S.A. de C.V. en Monterrey, Nuevo León","Vitrocar S.A. de C.V. | Refaccionaria en Monterrey, Nuevo León","Ficha de Vitrocar S.A. de C.V., negocio registrado en DENUE dentro del giro de refacciones y autopartes en Monterrey, Nuevo León.","Vitrocar S.A. de C.V. es un negocio registrado en DENUE/INEGI dentro del giro de comercio al por menor de partes y refacciones nuevas para automóviles, camionetas y camiones en Monterrey, Nuevo León.",DENUE/INEGI,ok_para_publicar
19039435220002101010000000U0,6719583,VALLEY INTERNACIONAL SUPPLY,VELLEY INTERNACIONAL SUPPLY,"Comercio al por menor de partes y refacciones nuevas para automóviles, camionetas y camiones",0 a 5 personas,CALZADA,SAN PEDRO,223,,MIRAVALLE,64660,"Monterrey, Monterrey, Nuevo León",8182596255,POLIVA@VALLEYINTLSUPPLY.COM,WWW.VALLEYINTLSUPPLY.COM,Fijo,-100.36774358,25.67058272,CENTRO Y PLAZA COMERCIAL,PLAZA EFECTO,13,1826,008,468211,18,46,468,4682,46821,,COLONIA,2016-01,190390001,A,listo para publicar,alta,15,tiene teléfono; tiene correo; tiene sitio web; tiene coordenadas; dirección suficiente,publicar ficha y preparar contacto comercial,Monterrey,"CALZADA, SAN PEDRO, 223, MIRAVALLE, 64660, Monterrey, Monterrey, Nuevo León",sí,sí,sí,sí,17,82,Valley Internacional Supply,Refacciones diesel y camión,nuevo-leon,monterrey,valley-internacional-supply-monterrey-719583,/nuevo-leon/monterrey/valley-internacional-supply-monterrey-719583/,https://www.rankearefaccionarias.info/nuevo-leon/monterrey/valley-internacional-supply-monterrey-719583/,published,2026-08-23,,top_100_lanzamiento,false,true,0.8,monthly,2026-08-23,AutoPartsStore,"Valley Internacional Supply en Monterrey, Nuevo León","Valley Internacional Supply | Refaccionaria en Monterrey, Nuevo León","Ficha de Valley Internacional Supply, negocio registrado en DENUE dentro del giro de refacciones y autopartes en Monterrey, Nuevo León.","Valley Internacional Supply es un negocio registrado en DENUE/INEGI dentro del giro de comercio al por menor de partes y refacciones nuevas para automóviles, camionetas y camiones en Monterrey, Nuevo León.",DENUE/INEGI,ok_para_publicar
19039468211001811001000000U4,3032224,TRANSMISIONES EIPROFE,TRANSMICIONES EL PROFE,"Comercio al por menor de partes y refacciones nuevas para automóviles, camionetas y camiones",6 a 10 personas,CALLE,PABLO A DE LA GARZA,1908,,MARTÍNEZ,64550,"Monterrey, Monterrey, Nuevo León",8183553015,INFO@ELPROFE.COM.MX,WWW.TRANSMISIONESELPROFE.COM.MX,Fijo,-100.28749454,25.68981696,,,,1313,041,468211,,46,468,4682,46821,,COLONIA,2010-07,190390001,A,listo para publicar,alta,15,tiene teléfono; tiene correo; tiene sitio web; tiene coordenadas; dirección suficiente,publicar ficha y preparar contacto comercial,Monterrey,"CALLE, PABLO A DE LA GARZA, 1908, MARTÍNEZ, 64550, Monterrey, Monterrey, Nuevo León",sí,sí,sí,sí,18,82,Transmisiones Eiprofe,Refacciones diesel y camión,nuevo-leon,monterrey,transmisiones-eiprofe-monterrey-032224,/nuevo-leon/monterrey/transmisiones-eiprofe-monterrey-032224/,https://www.rankearefaccionarias.info/nuevo-leon/monterrey/transmisiones-eiprofe-monterrey-032224/,published,2026-08-23,,top_100_lanzamiento,false,true,0.8,monthly,2026-08-23,AutoPartsStore,"Transmisiones Eiprofe en Monterrey, Nuevo León","Transmisiones Eiprofe | Refaccionaria en Monterrey, Nuevo León","Ficha de Transmisiones Eiprofe, negocio registrado en DENUE dentro del giro de refacciones y autopartes en Monterrey, Nuevo León.","Transmisiones Eiprofe es un negocio registrado en DENUE/INEGI dentro del giro de comercio al por menor de partes y refacciones nuevas para automóviles, camionetas y camiones en Monterrey, Nuevo León.",DENUE/INEGI,ok_para_publicar
19039468211012321000000000U1,10135780,TECNOLOGIA NEUMATICA Y SENSORES,TECNOLOGIA NEUMATICA Y SENSORES,"Comercio al por menor de partes y refacciones nuevas para automóviles, camionetas y camiones",0 a 5 personas,CALZADA,FRANCISCO I MADERO,1145,,TREVIÑO,64000,"Monterrey, Monterrey, Nuevo León",8117644183,GERENCIA.MTY@NEUMSTIKCOM.MX,WWW.NEUMATIK.COM.MX,Fijo,-100.30300914,25.68290233,,,,1563,042,468211,,46,468,4682,46821,,COLONIA,2024-11,190390001,A,listo para publicar,alta,15,tiene teléfono; tiene correo; tiene sitio web; tiene coordenadas; dirección suficiente,publicar ficha y preparar contacto comercial,Monterrey,"CALZADA, FRANCISCO I MADERO, 1145, TREVIÑO, 64000, Monterrey, Monterrey, Nuevo León",sí,sí,sí,sí,19,82,Tecnologia Neumatica Y Sensores,Refacciones diesel y camión,nuevo-leon,monterrey,tecnologia-neumatica-y-sensores-monterrey-135780,/nuevo-leon/monterrey/tecnologia-neumatica-y-sensores-monterrey-135780/,https://www.rankearefaccionarias.info/nuevo-leon/monterrey/tecnologia-neumatica-y-sensores-monterrey-135780/,published,2026-08-23,,top_100_lanzamiento,false,true,0.8,monthly,2026-08-23,AutoPartsStore,"Tecnologia Neumatica Y Sensores en Monterrey, Nuevo León","Tecnologia Neumatica Y Sensores | Refaccionaria en Monterrey, Nuevo León","Ficha de Tecnologia Neumatica Y Sensores, negocio registrado en DENUE dentro del giro de refacciones y autopartes en Monterrey, Nuevo León.","Tecnologia Neumatica Y Sensores es un negocio registrado en DENUE/INEGI dentro del giro de comercio al por menor de partes y refacciones nuevas para automóviles, camionetas y camiones en Monterrey, Nuevo León.",DENUE/INEGI,ok_para_publicar
19039468211010183000000000U7,8437206,TALLER EL ARABE,,"Comercio al por menor de partes y refacciones nuevas para automóviles, camionetas y camiones",11 a 30 personas,AVENIDA,DOCTOR IGNACIO MORONES PRIETO,1602,,NUEVO REPUEBLO,64700,"Monterrey, Monterrey, Nuevo León",8180297389,ELARABE1@YAHOO.COM.MX,WWW.ELARABE.COM.MX,Fijo,-100.29837474,25.66614528,,,,1760,040,468211,,46,468,4682,46821,,COLONIA,2019-11,190390001,A,listo para publicar,alta,15,tiene teléfono; tiene correo; tiene sitio web; tiene coordenadas; dirección suficiente,publicar ficha y preparar contacto comercial,Monterrey,"AVENIDA, DOCTOR IGNACIO MORONES PRIETO, 1602, NUEVO REPUEBLO, 64700, Monterrey, Monterrey, Nuevo León",sí,sí,sí,sí,20,82,Taller El Arabe,Refacciones diesel y camión,nuevo-leon,monterrey,taller-el-arabe-monterrey-437206,/nuevo-leon/monterrey/taller-el-arabe-monterrey-437206/,https://www.rankearefaccionarias.info/nuevo-leon/monterrey/taller-el-arabe-monterrey-437206/,published,2026-08-23,,top_100_lanzamiento,false,true,0.8,monthly,2026-08-23,AutoPartsStore,"Taller El Arabe en Monterrey, Nuevo León","Taller El Arabe | Refaccionaria en Monterrey, Nuevo León","Ficha de Taller El Arabe, negocio registrado en DENUE dentro del giro de refacciones y autopartes en Monterrey, Nuevo León.","Taller El Arabe es un negocio registrado en DENUE/INEGI dentro del giro de comercio al por menor de partes y refacciones nuevas para automóviles, camionetas y camiones en Monterrey, Nuevo León.",DENUE/INEGI,ok_para_publicar
19039468211004672001000000U7,2926691,SURTIDORA DEL TRANSPORTE,SURTIDORA DEL TRANSPORTE,"Comercio al por menor de partes y refacciones nuevas para automóviles, camionetas y camiones",0 a 5 personas,CALLE,EMILIO CARRANZA,3220,,COLONIA DEL NORTE,64500,"Monterrey, Monterrey, Nuevo León",8115202841,OSCARGARZA@SUTRAQSA.COM,WWW.SUTRASA.COM,Fijo,-100.30698114,25.7097178,,,,0809,002,468211,,46,468,4682,46821,,COLONIA,2010-07,190390001,A,listo para publicar,alta,15,tiene teléfono; tiene correo; tiene sitio web; tiene coordenadas; dirección suficiente,publicar ficha y preparar contacto comercial,Monterrey,"CALLE, EMILIO CARRANZA, 3220, COLONIA DEL NORTE, 64500, Monterrey, Monterrey, Nuevo León",sí,sí,sí,sí,21,82,Surtidora Del Transporte,Refacciones diesel y camión,nuevo-leon,monterrey,surtidora-del-transporte-monterrey-926691,/nuevo-leon/monterrey/surtidora-del-transporte-monterrey-926691/,https://www.rankearefaccionarias.info/nuevo-leon/monterrey/surtidora-del-transporte-monterrey-926691/,published,2026-08-23,,top_100_lanzamiento,false,true,0.8,monthly,2026-08-23,AutoPartsStore,"Surtidora Del Transporte en Monterrey, Nuevo León","Surtidora Del Transporte | Refaccionaria en Monterrey, Nuevo León","Ficha de Surtidora Del Transporte, negocio registrado en DENUE dentro del giro de refacciones y autopartes en Monterrey, Nuevo León.","Surtidora Del Transporte es un negocio registrado en DENUE/INEGI dentro del giro de comercio al por menor de partes y refacciones nuevas para automóviles, camionetas y camiones en Monterrey, Nuevo León.",DENUE/INEGI,ok_para_publicar
19039435419001702000000000U4,3014038,SUMINISTROS URGENTES FILTROS Y MANGUERAS,SUMINISTROS URGENTES FILTROS Y MANGUERAS,"Comercio al por menor de partes y refacciones nuevas para automóviles, camionetas y camiones",6 a 10 personas,AVENIDA,ABRAHAM LINCOLN,6448,,VILLA CUMBRES PRIMER SECTOR,64116,"Monterrey, Monterrey, Nuevo León",8183107918,DANIEL.HERNANDEZ@SUFYM.COM.MX,WWW.SUFYM.COM.MX,Fijo,-100.3847074,25.74603721,,,,2627,004,468211,,46,468,4682,46821,,COLONIA,2010-07,190390001,A,listo para publicar,alta,15,tiene teléfono; tiene correo; tiene sitio web; tiene coordenadas; dirección suficiente,publicar ficha y preparar contacto comercial,Monterrey,"AVENIDA, ABRAHAM LINCOLN, 6448, VILLA CUMBRES PRIMER SECTOR, 64116, Monterrey, Monterrey, Nuevo León",sí,sí,sí,sí,22,82,Suministros Urgentes Filtros Y Mangueras,Refacciones diesel y camión,nuevo-leon,monterrey,suministros-urgentes-filtros-y-mangueras-monterrey-014038,/nuevo-leon/monterrey/suministros-urgentes-filtros-y-mangueras-monterrey-014038/,https://www.rankearefaccionarias.info/nuevo-leon/monterrey/suministros-urgentes-filtros-y-mangueras-monterrey-014038/,published,2026-08-23,,top_100_lanzamiento,false,true,0.8,monthly,2026-08-23,AutoPartsStore,"Suministros Urgentes Filtros Y Mangueras en Monterrey, Nuevo León","Suministros Urgentes Filtros Y Mangueras | Refaccionaria en Monterrey, Nuevo León","Ficha de Suministros Urgentes Filtros Y Mangueras, negocio registrado en DENUE dentro del giro de refacciones y autopartes en Monterrey, Nuevo León.","Suministros Urgentes Filtros Y Mangueras es un negocio registrado en DENUE/INEGI dentro del giro de comercio al por menor de partes y refacciones nuevas para automóviles, camionetas y camiones en Monterrey, Nuevo León.",DENUE/INEGI,ok_para_publicar
19039435220000701001000000U9,2931259,SOFKA,SOFKA,"Comercio al por menor de partes y refacciones nuevas para automóviles, camionetas y camiones",11 a 30 personas,CALLE,JOSE MARTI,3207,,MADERO,64540,"Monterrey, Monterrey, Nuevo León",8181911186,AMORALES@SOFKA.COM.MX,WWW.SOFKA.COM.MX,Fijo,-100.28288227,25.68494769,,,,1385,001,468211,,46,468,4682,46821,,COLONIA,2012-06,190390001,A,listo para publicar,alta,15,tiene teléfono; tiene correo; tiene sitio web; tiene coordenadas; dirección suficiente,publicar ficha y preparar contacto comercial,Monterrey,"CALLE, JOSE MARTI, 3207, MADERO, 64540, Monterrey, Monterrey, Nuevo León",sí,sí,sí,sí,23,82,Sofka,Refacciones diesel y camión,nuevo-leon,monterrey,sofka-monterrey-931259,/nuevo-leon/monterrey/sofka-monterrey-931259/,https://www.rankearefaccionarias.info/nuevo-leon/monterrey/sofka-monterrey-931259/,published,2026-08-23,,top_100_lanzamiento,false,true,0.8,monthly,2026-08-23,AutoPartsStore,"Sofka en Monterrey, Nuevo León","Sofka | Refaccionaria en Monterrey, Nuevo León","Ficha de Sofka, negocio registrado en DENUE dentro del giro de refacciones y autopartes en Monterrey, Nuevo León.","Sofka es un negocio registrado en DENUE/INEGI dentro del giro de comercio al por menor de partes y refacciones nuevas para automóviles, camionetas y camiones en Monterrey, Nuevo León.",DENUE/INEGI,ok_para_publicar
19039468211004012001000000U6,2969505,SEGURIDAD Y COMERCIO,SEGURIDAD Y COMERCIO,"Comercio al por menor de partes y refacciones nuevas para automóviles, camionetas y camiones",11 a 30 personas,CALLE,REFORMA,1616,,INDUSTRIAL,64000,"Monterrey, Monterrey, Nuevo León",8116362411,SEGURIDADYCOMERCIO@KALZO.COM.MX,WWW.PABOTA.COM.MX,Fijo,-100.32767919,25.6863664,,,,1205,013,468211,,46,468,4682,46821,,COLONIA,2014-12,190390001,A,listo para publicar,alta,15,tiene teléfono; tiene correo; tiene sitio web; tiene coordenadas; dirección suficiente,publicar ficha y preparar contacto comercial,Monterrey,"CALLE, REFORMA, 1616, INDUSTRIAL, 64000, Monterrey, Monterrey, Nuevo León",sí,sí,sí,sí,24,82,Seguridad Y Comercio,Refacciones diesel y camión,nuevo-leon,monterrey,seguridad-y-comercio-monterrey-969505,/nuevo-leon/monterrey/seguridad-y-comercio-monterrey-969505/,https://www.rankearefaccionarias.info/nuevo-leon/monterrey/seguridad-y-comercio-monterrey-969505/,published,2026-08-23,,top_100_lanzamiento,false,true,0.8,monthly,2026-08-23,AutoPartsStore,"Seguridad Y Comercio en Monterrey, Nuevo León","Seguridad Y Comercio | Refaccionaria en Monterrey, Nuevo León","Ficha de Seguridad Y Comercio, negocio registrado en DENUE dentro del giro de refacciones y autopartes en Monterrey, Nuevo León.","Seguridad Y Comercio es un negocio registrado en DENUE/INEGI dentro del giro de comercio al por menor de partes y refacciones nuevas para automóviles, camionetas y camiones en Monterrey, Nuevo León.",DENUE/INEGI,ok_para_publicar
19039561110003392010000000U3,9292840,SAFE ,SAFE REFACCIONES EUROPEAS,"Comercio al por menor de partes y refacciones nuevas para automóviles, camionetas y camiones",6 a 10 personas,CALLE,FRANCISCO FERNANDEZ TREVIÑO,313,,LEONES,64600,"Monterrey, Monterrey, Nuevo León",8126310599,JS_GONZALITOS@SAFEREFACCIONES.COM,WWW.SAFEREFACCIONES.COM,Fijo,-100.35152512,25.69493508,,,,1154,002,468211,,46,468,4682,46821,,COLONIA,2020-11,190390001,A,listo para publicar,alta,15,tiene teléfono; tiene correo; tiene sitio web; tiene coordenadas; dirección suficiente,publicar ficha y preparar contacto comercial,Monterrey,"CALLE, FRANCISCO FERNANDEZ TREVIÑO, 313, LEONES, 64600, Monterrey, Monterrey, Nuevo León",sí,sí,sí,sí,25,82,Safe,Refacciones diesel y camión,nuevo-leon,monterrey,safe-monterrey-292840,/nuevo-leon/monterrey/safe-monterrey-292840/,https://www.rankearefaccionarias.info/nuevo-leon/monterrey/safe-monterrey-292840/,published,2026-08-23,,top_100_lanzamiento,false,true,0.8,monthly,2026-08-23,AutoPartsStore,"Safe en Monterrey, Nuevo León","Safe | Refaccionaria en Monterrey, Nuevo León","Ficha de Safe, negocio registrado en DENUE dentro del giro de refacciones y autopartes en Monterrey, Nuevo León.","Safe es un negocio registrado en DENUE/INEGI dentro del giro de comercio al por menor de partes y refacciones nuevas para automóviles, camionetas y camiones en Monterrey, Nuevo León.",DENUE/INEGI,ok_para_publicar
19039811111011432000000000U3,9597710,REFRACCIONES EUROPEAS LIBRADO,,"Comercio al por menor de partes y refacciones nuevas para automóviles, camionetas y camiones",6 a 10 personas,AVENIDA,CHURUBUSCO,209,,SANTA FE (ORIENTE),64540,"Monterrey, Monterrey, Nuevo León",8116123490,LIBRADO_02@HOTMAIL.COM,WWW.LIBRADOSERVICE.COM,Fijo,-100.26801415,25.69897465,,,,1120,013,468211,,46,468,4682,46821,,COLONIA,2024-11,190390001,A,listo para publicar,alta,15,tiene teléfono; tiene correo; tiene sitio web; tiene coordenadas; dirección suficiente,publicar ficha y preparar contacto comercial,Monterrey,"AVENIDA, CHURUBUSCO, 209, SANTA FE (ORIENTE), 64540, Monterrey, Monterrey, Nuevo León",sí,sí,sí,sí,26,82,Refracciones Europeas Librado,Refacciones diesel y camión,nuevo-leon,monterrey,refracciones-europeas-librado-monterrey-597710,/nuevo-leon/monterrey/refracciones-europeas-librado-monterrey-597710/,https://www.rankearefaccionarias.info/nuevo-leon/monterrey/refracciones-europeas-librado-monterrey-597710/,published,2026-08-23,,top_100_lanzamiento,false,true,0.8,monthly,2026-08-23,AutoPartsStore,"Refracciones Europeas Librado en Monterrey, Nuevo León","Refracciones Europeas Librado | Refaccionaria en Monterrey, Nuevo León","Ficha de Refracciones Europeas Librado, negocio registrado en DENUE dentro del giro de refacciones y autopartes en Monterrey, Nuevo León.","Refracciones Europeas Librado es un negocio registrado en DENUE/INEGI dentro del giro de comercio al por menor de partes y refacciones nuevas para automóviles, camionetas y camiones en Monterrey, Nuevo León.",DENUE/INEGI,ok_para_publicar
19039468211009751001000000U4,8753359,REFACIONARIA ROSCO,,"Comercio al por menor de partes y refacciones nuevas para automóviles, camionetas y camiones",6 a 10 personas,CALLE,PROFESOR MOISES SAENZ AVENIDA URDIALES,412,,MITRAS CENTRO,64460,"Monterrey, Monterrey, Nuevo León",8117614044,VENTAS14@ROSCO.COM.MX,WWW.ROSCO.COM.MX,Fijo,-100.34461993,25.69070669,,,,1169,012,468211,,46,468,4682,46821,,COLONIA,2019-11,190390001,A,listo para publicar,alta,15,tiene teléfono; tiene correo; tiene sitio web; tiene coordenadas; dirección suficiente,publicar ficha y preparar contacto comercial,Monterrey,"CALLE, PROFESOR MOISES SAENZ AVENIDA URDIALES, 412, MITRAS CENTRO, 64460, Monterrey, Monterrey, Nuevo León",sí,sí,sí,sí,27,82,Refacionaria Rosco,Refacciones diesel y camión,nuevo-leon,monterrey,refacionaria-rosco-monterrey-753359,/nuevo-leon/monterrey/refacionaria-rosco-monterrey-753359/,https://www.rankearefaccionarias.info/nuevo-leon/monterrey/refacionaria-rosco-monterrey-753359/,published,2026-08-23,,top_100_lanzamiento,false,true,0.8,monthly,2026-08-23,AutoPartsStore,"Refacionaria Rosco en Monterrey, Nuevo León","Refacionaria Rosco | Refaccionaria en Monterrey, Nuevo León","Ficha de Refacionaria Rosco, negocio registrado en DENUE dentro del giro de refacciones y autopartes en Monterrey, Nuevo León.","Refacionaria Rosco es un negocio registrado en DENUE/INEGI dentro del giro de comercio al por menor de partes y refacciones nuevas para automóviles, camionetas y camiones en Monterrey, Nuevo León.",DENUE/INEGI,ok_para_publicar
19039468211005535000009092M5,6366366,RECAVISA,REFACCIONARIA CASA VILLARREAL,"Comercio al por menor de partes y refacciones nuevas para automóviles, camionetas y camiones",51 a 100 personas,CALLE,CARLOS SALAZAR,334,,CENTRO,64000,"Monterrey, Monterrey, Nuevo León",8115882185,VAVILA@RECAVISA.COM,WWW.RECAVISA.COM.MX,Fijo,-100.3110987,25.68200148,,,,1510,001,468211,,46,468,4682,46821,,COLONIA,2010-07,190390001,A,listo para publicar,alta,15,tiene teléfono; tiene correo; tiene sitio web; tiene coordenadas; dirección suficiente,publicar ficha y preparar contacto comercial,Monterrey,"CALLE, CARLOS SALAZAR, 334, CENTRO, 64000, Monterrey, Monterrey, Nuevo León",sí,sí,sí,sí,28,82,Recavisa,Refacciones diesel y camión,nuevo-leon,monterrey,recavisa-monterrey-366366,/nuevo-leon/monterrey/recavisa-monterrey-366366/,https://www.rankearefaccionarias.info/nuevo-leon/monterrey/recavisa-monterrey-366366/,published,2026-08-23,,top_100_lanzamiento,false,true,0.8,monthly,2026-08-23,AutoPartsStore,"Recavisa en Monterrey, Nuevo León","Recavisa | Refaccionaria en Monterrey, Nuevo León","Ficha de Recavisa, negocio registrado en DENUE dentro del giro de refacciones y autopartes en Monterrey, Nuevo León.","Recavisa es un negocio registrado en DENUE/INEGI dentro del giro de comercio al por menor de partes y refacciones nuevas para automóviles, camionetas y camiones en Monterrey, Nuevo León.",DENUE/INEGI,ok_para_publicar
19039468211011961000000000U5,10155918,PNEUMAK DE MEXICO,FRANCISCO CANSECO,"Comercio al por menor de partes y refacciones nuevas para automóviles, camionetas y camiones",0 a 5 personas,AVENIDA,DOCTOR JOSE ELEUTERIO GONZALEZ,3001,,MITRAS NORTE,64320,"Monterrey, Monterrey, Nuevo León",8183113827,FRANCISCO.CANSECO@PNEUMAK.COM,WWW.PNEUMAK.COM,Fijo,-100.34999644,25.71269381,,,,0635,005,468211,,46,468,4682,46821,,COLONIA,2024-11,190390001,A,listo para publicar,alta,15,tiene teléfono; tiene correo; tiene sitio web; tiene coordenadas; dirección suficiente,publicar ficha y preparar contacto comercial,Monterrey,"AVENIDA, DOCTOR JOSE ELEUTERIO GONZALEZ, 3001, MITRAS NORTE, 64320, Monterrey, Monterrey, Nuevo León",sí,sí,sí,sí,29,82,Pneumak De Mexico,Refacciones diesel y camión,nuevo-leon,monterrey,pneumak-de-mexico-monterrey-155918,/nuevo-leon/monterrey/pneumak-de-mexico-monterrey-155918/,https://www.rankearefaccionarias.info/nuevo-leon/monterrey/pneumak-de-mexico-monterrey-155918/,published,2026-08-23,,top_100_lanzamiento,false,true,0.8,monthly,2026-08-23,AutoPartsStore,"Pneumak De Mexico en Monterrey, Nuevo León","Pneumak De Mexico | Refaccionaria en Monterrey, Nuevo León","Ficha de Pneumak De Mexico, negocio registrado en DENUE dentro del giro de refacciones y autopartes en Monterrey, Nuevo León.","Pneumak De Mexico es un negocio registrado en DENUE/INEGI dentro del giro de comercio al por menor de partes y refacciones nuevas para automóviles, camionetas y camiones en Monterrey, Nuevo León.",DENUE/INEGI,ok_para_publicar
19039468211011871000000000U6,9997190,PISTTON,,"Comercio al por menor de partes y refacciones nuevas para automóviles, camionetas y camiones",0 a 5 personas,CALLE,MAGNOLIA,1899,,REFORMA,64530,"Monterrey, Monterrey, Nuevo León",8112739953,PISTTONAUTOPARTES@GMAIL.COM,WWW.PISTTON.COM,Fijo,-100.29465474,25.69486684,,,,1027,006,468211,,46,468,4682,46821,,COLONIA,2024-11,190390001,A,listo para publicar,alta,15,tiene teléfono; tiene correo; tiene sitio web; tiene coordenadas; dirección suficiente,publicar ficha y preparar contacto comercial,Monterrey,"CALLE, MAGNOLIA, 1899, REFORMA, 64530, Monterrey, Monterrey, Nuevo León",sí,sí,sí,sí,30,82,Pistton,Refacciones diesel y camión,nuevo-leon,monterrey,pistton-monterrey-997190,/nuevo-leon/monterrey/pistton-monterrey-997190/,https://www.rankearefaccionarias.info/nuevo-leon/monterrey/pistton-monterrey-997190/,published,2026-08-23,,top_100_lanzamiento,false,true,0.8,monthly,2026-08-23,AutoPartsStore,"Pistton en Monterrey, Nuevo León","Pistton | Refaccionaria en Monterrey, Nuevo León","Ficha de Pistton, negocio registrado en DENUE dentro del giro de refacciones y autopartes en Monterrey, Nuevo León.","Pistton es un negocio registrado en DENUE/INEGI dentro del giro de comercio al por menor de partes y refacciones nuevas para automóviles, camionetas y camiones en Monterrey, Nuevo León.",DENUE/INEGI,ok_para_publicar
19039468211005991000000000U0,6215977,OILGEAR,OILGER MEXICANA,"Comercio al por menor de partes y refacciones nuevas para automóviles, camionetas y camiones",0 a 5 personas,CALLE,ARGENTINA,3913,,LADERAS DEL MIRADOR,64765,"Monterrey, Monterrey, Nuevo León",8110990801,OILGEAR_MEXICANA@YAHOO.COM.COM,WWW.OILGERA.COM,Fijo,-100.30231577,25.63441755,,,,3659,023,468211,,46,468,4682,46821,,COLONIA,2014-12,190390001,A,listo para publicar,alta,15,tiene teléfono; tiene correo; tiene sitio web; tiene coordenadas; dirección suficiente,publicar ficha y preparar contacto comercial,Monterrey,"CALLE, ARGENTINA, 3913, LADERAS DEL MIRADOR, 64765, Monterrey, Monterrey, Nuevo León",sí,sí,sí,sí,31,82,Oilgear,Refacciones diesel y camión,nuevo-leon,monterrey,oilgear-monterrey-215977,/nuevo-leon/monterrey/oilgear-monterrey-215977/,https://www.rankearefaccionarias.info/nuevo-leon/monterrey/oilgear-monterrey-215977/,published,2026-08-23,,top_100_lanzamiento,false,true,0.8,monthly,2026-08-23,AutoPartsStore,"Oilgear en Monterrey, Nuevo León","Oilgear | Refaccionaria en Monterrey, Nuevo León","Ficha de Oilgear, negocio registrado en DENUE dentro del giro de refacciones y autopartes en Monterrey, Nuevo León.","Oilgear es un negocio registrado en DENUE/INEGI dentro del giro de comercio al por menor de partes y refacciones nuevas para automóviles, camionetas y camiones en Monterrey, Nuevo León.",DENUE/INEGI,ok_para_publicar
19039468211007121002000000U2,2972173,MOTORES SOSA,,"Comercio al por menor de partes y refacciones nuevas para automóviles, camionetas y camiones",0 a 5 personas,CALLE,AGUSTIN MELGAR,2407,,REFORMA,64530,"Monterrey, Monterrey, Nuevo León",8183722090,ELIUD_SOSA@HOTMAIL.COM,WWW.MOTORESSOSA.COM,Fijo,-100.29432176,25.69527052,,,,1027,001,468211,,46,468,4682,46821,,COLONIA,2014-12,190390001,A,listo para publicar,alta,15,tiene teléfono; tiene correo; tiene sitio web; tiene coordenadas; dirección suficiente,publicar ficha y preparar contacto comercial,Monterrey,"CALLE, AGUSTIN MELGAR, 2407, REFORMA, 64530, Monterrey, Monterrey, Nuevo León",sí,sí,sí,sí,32,82,Motores Sosa,Refacciones diesel y camión,nuevo-leon,monterrey,motores-sosa-monterrey-972173,/nuevo-leon/monterrey/motores-sosa-monterrey-972173/,https://www.rankearefaccionarias.info/nuevo-leon/monterrey/motores-sosa-monterrey-972173/,published,2026-08-23,,top_100_lanzamiento,false,true,0.8,monthly,2026-08-23,AutoPartsStore,"Motores Sosa en Monterrey, Nuevo León","Motores Sosa | Refaccionaria en Monterrey, Nuevo León","Ficha de Motores Sosa, negocio registrado en DENUE dentro del giro de refacciones y autopartes en Monterrey, Nuevo León.","Motores Sosa es un negocio registrado en DENUE/INEGI dentro del giro de comercio al por menor de partes y refacciones nuevas para automóviles, camionetas y camiones en Monterrey, Nuevo León.",DENUE/INEGI,ok_para_publicar
19039468211008001000038865S5,6712542,LTH HIGH BATTERY SUCURSAL ASTROS,HIGH BATTERY,"Comercio al por menor de partes y refacciones nuevas para automóviles, camionetas y camiones",0 a 5 personas,CALLE,AVENIDA DE LOS ASTROS,200,0,BARRIO ESTRELLA,64102,"Monterrey, Monterrey, Nuevo León",8120893399,PONIENTE@HGHBATTERY.COM,WWW.HIGHBATTERY.COM,Fijo,-100.40495096,25.76622427,,,,484A,056,468211,,46,468,4682,46821,,COLONIA,2026-04,190390001,A,listo para publicar,alta,15,tiene teléfono; tiene correo; tiene sitio web; tiene coordenadas; dirección suficiente,publicar ficha y preparar contacto comercial,Monterrey,"CALLE, AVENIDA DE LOS ASTROS, 200, 0, BARRIO ESTRELLA, 64102, Monterrey, Monterrey, Nuevo León",sí,sí,sí,sí,33,82,Lth High Battery Sucursal Astros,Refacciones diesel y camión,nuevo-leon,monterrey,lth-high-battery-sucursal-astros-monterrey-712542,/nuevo-leon/monterrey/lth-high-battery-sucursal-astros-monterrey-712542/,https://www.rankearefaccionarias.info/nuevo-leon/monterrey/lth-high-battery-sucursal-astros-monterrey-712542/,published,2026-08-23,,top_100_lanzamiento,false,true,0.8,monthly,2026-08-23,AutoPartsStore,"Lth High Battery Sucursal Astros en Monterrey, Nuevo León","Lth High Battery Sucursal Astros | Refaccionaria en Monterrey, Nuevo León","Ficha de Lth High Battery Sucursal Astros, negocio registrado en DENUE dentro del giro de refacciones y autopartes en Monterrey, Nuevo León.","Lth High Battery Sucursal Astros es un negocio registrado en DENUE/INEGI dentro del giro de comercio al por menor de partes y refacciones nuevas para automóviles, camionetas y camiones en Monterrey, Nuevo León.",DENUE/INEGI,ok_para_publicar
19039468211011911000000000U0,10532953,JUGUETERIA OFF ROAD,,"Comercio al por menor de partes y refacciones nuevas para automóviles, camionetas y camiones",0 a 5 personas,AVENIDA,EUGENIO GARZA SADA,3916,,SIERRA VENTANA,64780,"Monterrey, Monterrey, Nuevo León",8181765530,JUGUETERIAOFFROAD@GMAIL.COM,WWW.JUGETERIAOFFROAD.COM,Fijo,-100.27980137,25.63119659,,,,4229,006,468211,,46,468,4682,46821,,COLONIA,2024-11,190390001,A,listo para publicar,alta,15,tiene teléfono; tiene correo; tiene sitio web; tiene coordenadas; dirección suficiente,publicar ficha y preparar contacto comercial,Monterrey,"AVENIDA, EUGENIO GARZA SADA, 3916, SIERRA VENTANA, 64780, Monterrey, Monterrey, Nuevo León",sí,sí,sí,sí,34,82,Jugueteria Off Road,Refacciones diesel y camión,nuevo-leon,monterrey,jugueteria-off-road-monterrey-532953,/nuevo-leon/monterrey/jugueteria-off-road-monterrey-532953/,https://www.rankearefaccionarias.info/nuevo-leon/monterrey/jugueteria-off-road-monterrey-532953/,published,2026-08-23,,top_100_lanzamiento,false,true,0.8,monthly,2026-08-23,AutoPartsStore,"Jugueteria Off Road en Monterrey, Nuevo León","Jugueteria Off Road | Refaccionaria en Monterrey, Nuevo León","Ficha de Jugueteria Off Road, negocio registrado en DENUE dentro del giro de refacciones y autopartes en Monterrey, Nuevo León.","Jugueteria Off Road es un negocio registrado en DENUE/INEGI dentro del giro de comercio al por menor de partes y refacciones nuevas para automóviles, camionetas y camiones en Monterrey, Nuevo León.",DENUE/INEGI,ok_para_publicar
19039468211005063000000000U8,3027094,INTERNATIONAL BEARNINGS,INTERNATINAL BEARNING SERVICE DE MEXICO,"Comercio al por menor de partes y refacciones nuevas para automóviles, camionetas y camiones",11 a 30 personas,AVENIDA,PASEO DE LOS LEONES,1890,,LAS CUMBRES SEGUNDO SECTOR,64610,"Monterrey, Monterrey, Nuevo León",8183702266,VENTAS@BALEROSIBS.COM,WWW.BALEROSIBS.COM,Fijo,-100.36772683,25.70270838,,,,0866,007,468211,,46,468,4682,46821,,COLONIA,2010-07,190390001,A,listo para publicar,alta,15,tiene teléfono; tiene correo; tiene sitio web; tiene coordenadas; dirección suficiente,publicar ficha y preparar contacto comercial,Monterrey,"AVENIDA, PASEO DE LOS LEONES, 1890, LAS CUMBRES SEGUNDO SECTOR, 64610, Monterrey, Monterrey, Nuevo León",sí,sí,sí,sí,35,82,International Bearnings,Refacciones diesel y camión,nuevo-leon,monterrey,international-bearnings-monterrey-027094,/nuevo-leon/monterrey/international-bearnings-monterrey-027094/,https://www.rankearefaccionarias.info/nuevo-leon/monterrey/international-bearnings-monterrey-027094/,published,2026-08-23,,top_100_lanzamiento,false,true,0.8,monthly,2026-08-23,AutoPartsStore,"International Bearnings en Monterrey, Nuevo León","International Bearnings | Refaccionaria en Monterrey, Nuevo León","Ficha de International Bearnings, negocio registrado en DENUE dentro del giro de refacciones y autopartes en Monterrey, Nuevo León.","International Bearnings es un negocio registrado en DENUE/INEGI dentro del giro de comercio al por menor de partes y refacciones nuevas para automóviles, camionetas y camiones en Monterrey, Nuevo León.",DENUE/INEGI,ok_para_publicar
19039468211011841000000000U9,11254483,HIGH LEVEL SERVICIO AUTOMOTRIZ,HIGH LEVEL SERVICIO AUTOMOTRIZ,"Comercio al por menor de partes y refacciones nuevas para automóviles, camionetas y camiones",0 a 5 personas,AVENIDA,ADOLFO RUIZ CORTINES,6408,,PORTAL DE CUMBRES PRIMER SECTOR SEGUNDA ETAPA,64348,"Monterrey, Monterrey, Nuevo León",8110661178,HLVARAGAN@HOTMAIL.COM,WWW.HGHLIVELSERVICIOAUTOMOTRIS.COM,Fijo,-100.38697479,25.74477522,,,,4074,008,468211,,46,468,4682,46821,,COLONIA,2024-11,190390001,A,listo para publicar,alta,15,tiene teléfono; tiene correo; tiene sitio web; tiene coordenadas; dirección suficiente,publicar ficha y preparar contacto comercial,Monterrey,"AVENIDA, ADOLFO RUIZ CORTINES, 6408, PORTAL DE CUMBRES PRIMER SECTOR SEGUNDA ETAPA, 64348, Monterrey, Monterrey, Nuevo León",sí,sí,sí,sí,36,82,High Level Servicio Automotriz,Refacciones diesel y camión,nuevo-leon,monterrey,high-level-servicio-automotriz-monterrey-254483,/nuevo-leon/monterrey/high-level-servicio-automotriz-monterrey-254483/,https://www.rankearefaccionarias.info/nuevo-leon/monterrey/high-level-servicio-automotriz-monterrey-254483/,published,2026-08-23,,top_100_lanzamiento,false,true,0.8,monthly,2026-08-23,AutoPartsStore,"High Level Servicio Automotriz en Monterrey, Nuevo León","High Level Servicio Automotriz | Refaccionaria en Monterrey, Nuevo León","Ficha de High Level Servicio Automotriz, negocio registrado en DENUE dentro del giro de refacciones y autopartes en Monterrey, Nuevo León.","High Level Servicio Automotriz es un negocio registrado en DENUE/INEGI dentro del giro de comercio al por menor de partes y refacciones nuevas para automóviles, camionetas y camiones en Monterrey, Nuevo León.",DENUE/INEGI,ok_para_publicar
19039468211011923000000000U5,10722032,FUEL & COOL FUEL INJECTION EXPERTS,,"Comercio al por menor de partes y refacciones nuevas para automóviles, camionetas y camiones",11 a 30 personas,CALLE,PABLO A DE LA GARZA,2620,,MODERNA,64530,"Monterrey, Monterrey, Nuevo León",8111135882,ALEJANDRO.SAUCEDAJR@GMAIL.COM,WWW.CLICKYOURPART.MX,Fijo,-100.28738757,25.6975436,,,,1046,030,468211,,46,468,4682,46821,,COLONIA,2024-11,190390001,A,listo para publicar,alta,15,tiene teléfono; tiene correo; tiene sitio web; tiene coordenadas; dirección suficiente,publicar ficha y preparar contacto comercial,Monterrey,"CALLE, PABLO A DE LA GARZA, 2620, MODERNA, 64530, Monterrey, Monterrey, Nuevo León",sí,sí,sí,sí,37,82,Fuel & Cool Fuel Injection Experts,Refacciones diesel y camión,nuevo-leon,monterrey,fuel-cool-fuel-injection-experts-monterrey-722032,/nuevo-leon/monterrey/fuel-cool-fuel-injection-experts-monterrey-722032/,https://www.rankearefaccionarias.info/nuevo-leon/monterrey/fuel-cool-fuel-injection-experts-monterrey-722032/,published,2026-08-23,,top_100_lanzamiento,false,true,0.8,monthly,2026-08-23,AutoPartsStore,"Fuel & Cool Fuel Injection Experts en Monterrey, Nuevo León","Fuel & Cool Fuel Injection Experts | Refaccionaria en Monterrey, Nuevo León","Ficha de Fuel & Cool Fuel Injection Experts, negocio registrado en DENUE dentro del giro de refacciones y autopartes en Monterrey, Nuevo León.","Fuel & Cool Fuel Injection Experts es un negocio registrado en DENUE/INEGI dentro del giro de comercio al por menor de partes y refacciones nuevas para automóviles, camionetas y camiones en Monterrey, Nuevo León.",DENUE/INEGI,ok_para_publicar
19039468211012243000000000U7,9754229,DIROSA,,"Comercio al por menor de partes y refacciones nuevas para automóviles, camionetas y camiones",11 a 30 personas,CALLE,LIBERTAD,1216,,MODERNA,64530,"Monterrey, Monterrey, Nuevo León",8115888432,DIROSA_AUTO@HOTMAIL.COM,WWW.REFACCION.COM,Fijo,-100.28741205,25.69974555,,,,1031,021,468211,,46,468,4682,46821,,COLONIA,2024-11,190390001,A,listo para publicar,alta,15,tiene teléfono; tiene correo; tiene sitio web; tiene coordenadas; dirección suficiente,publicar ficha y preparar contacto comercial,Monterrey,"CALLE, LIBERTAD, 1216, MODERNA, 64530, Monterrey, Monterrey, Nuevo León",sí,sí,sí,sí,38,82,Dirosa,Refacciones diesel y camión,nuevo-leon,monterrey,dirosa-monterrey-754229,/nuevo-leon/monterrey/dirosa-monterrey-754229/,https://www.rankearefaccionarias.info/nuevo-leon/monterrey/dirosa-monterrey-754229/,published,2026-08-23,,top_100_lanzamiento,false,true,0.8,monthly,2026-08-23,AutoPartsStore,"Dirosa en Monterrey, Nuevo León","Dirosa | Refaccionaria en Monterrey, Nuevo León","Ficha de Dirosa, negocio registrado en DENUE dentro del giro de refacciones y autopartes en Monterrey, Nuevo León.","Dirosa es un negocio registrado en DENUE/INEGI dentro del giro de comercio al por menor de partes y refacciones nuevas para automóviles, camionetas y camiones en Monterrey, Nuevo León.",DENUE/INEGI,ok_para_publicar
19026468211003051100006056S2,6749935,DICCOM,DISTRIBUIDORA CHAO COMERCIAL,"Comercio al por menor de partes y refacciones nuevas para automóviles, camionetas y camiones",0 a 5 personas,CALLE,SALVADOR DÍAZ MIRÓN,3632,,HIDALGO,64290,"Monterrey, Monterrey, Nuevo León",3311647347,ADRICHAO@DICCOM.COM,WWW.DICCOM.COM,Fijo,-100.318655,25.71007305,,,,0777,019,468211,,46,468,4682,46821,,COLONIA,2016-10,190390001,A,listo para publicar,alta,15,tiene teléfono; tiene correo; tiene sitio web; tiene coordenadas; dirección suficiente,publicar ficha y preparar contacto comercial,Monterrey,"CALLE, SALVADOR DÍAZ MIRÓN, 3632, HIDALGO, 64290, Monterrey, Monterrey, Nuevo León",sí,sí,sí,sí,39,82,Diccom,Refacciones diesel y camión,nuevo-leon,monterrey,diccom-monterrey-749935,/nuevo-leon/monterrey/diccom-monterrey-749935/,https://www.rankearefaccionarias.info/nuevo-leon/monterrey/diccom-monterrey-749935/,published,2026-08-23,,top_100_lanzamiento,false,true,0.8,monthly,2026-08-23,AutoPartsStore,"Diccom en Monterrey, Nuevo León","Diccom | Refaccionaria en Monterrey, Nuevo León","Ficha de Diccom, negocio registrado en DENUE dentro del giro de refacciones y autopartes en Monterrey, Nuevo León.","Diccom es un negocio registrado en DENUE/INEGI dentro del giro de comercio al por menor de partes y refacciones nuevas para automóviles, camionetas y camiones en Monterrey, Nuevo León.",DENUE/INEGI,ok_para_publicar
19039468211010133000054607M2,8649272,DELATSA,DISTRIBUCIONES DELAT,"Comercio al por menor de partes y refacciones nuevas para automóviles, camionetas y camiones",11 a 30 personas,CALLE,VICENTE GUERRERO,767,,CENTRO,64000,"Monterrey, Monterrey, Nuevo León",8110333033,ALEJANDRA.MATA@DELATSA.COM.MX,WWW.DELATSA.COM.MX,Fijo,-100.31252746,25.68175663,,,,1510,006,468211,,46,468,4682,46821,,COLONIA,2019-11,190390001,A,listo para publicar,alta,15,tiene teléfono; tiene correo; tiene sitio web; tiene coordenadas; dirección suficiente,publicar ficha y preparar contacto comercial,Monterrey,"CALLE, VICENTE GUERRERO, 767, CENTRO, 64000, Monterrey, Monterrey, Nuevo León",sí,sí,sí,sí,40,82,Delatsa,Refacciones diesel y camión,nuevo-leon,monterrey,delatsa-monterrey-649272,/nuevo-leon/monterrey/delatsa-monterrey-649272/,https://www.rankearefaccionarias.info/nuevo-leon/monterrey/delatsa-monterrey-649272/,published,2026-08-23,,top_100_lanzamiento,false,true,0.8,monthly,2026-08-23,AutoPartsStore,"Delatsa en Monterrey, Nuevo León","Delatsa | Refaccionaria en Monterrey, Nuevo León","Ficha de Delatsa, negocio registrado en DENUE dentro del giro de refacciones y autopartes en Monterrey, Nuevo León.","Delatsa es un negocio registrado en DENUE/INEGI dentro del giro de comercio al por menor de partes y refacciones nuevas para automóviles, camionetas y camiones en Monterrey, Nuevo León.",DENUE/INEGI,ok_para_publicar
19039468211007632002000000U8,6214716,CARDANAS Y NUDOS,CARDANAS Y NUDOS,"Comercio al por menor de partes y refacciones nuevas para automóviles, camionetas y camiones",6 a 10 personas,CALLE,PLAN DE AYUTLA,,,TREVIÑO,64570,"Monterrey, Monterrey, Nuevo León",8183741999,RODRIGO@CARDANESYNUEDOS.COM,WWW.CADANESYNUEDOS.COM,Fijo,-100.30136317,25.68700854,,,,1277,027,468211,,46,468,4682,46821,,COLONIA,2014-12,190390001,A,listo para publicar,alta,15,tiene teléfono; tiene correo; tiene sitio web; tiene coordenadas; dirección suficiente,publicar ficha y preparar contacto comercial,Monterrey,"CALLE, PLAN DE AYUTLA, TREVIÑO, 64570, Monterrey, Monterrey, Nuevo León",sí,sí,sí,sí,41,82,Cardanas Y Nudos,Refacciones diesel y camión,nuevo-leon,monterrey,cardanas-y-nudos-monterrey-214716,/nuevo-leon/monterrey/cardanas-y-nudos-monterrey-214716/,https://www.rankearefaccionarias.info/nuevo-leon/monterrey/cardanas-y-nudos-monterrey-214716/,published,2026-08-23,,top_100_lanzamiento,false,true,0.8,monthly,2026-08-23,AutoPartsStore,"Cardanas Y Nudos en Monterrey, Nuevo León","Cardanas Y Nudos | Refaccionaria en Monterrey, Nuevo León","Ficha de Cardanas Y Nudos, negocio registrado en DENUE dentro del giro de refacciones y autopartes en Monterrey, Nuevo León.","Cardanas Y Nudos es un negocio registrado en DENUE/INEGI dentro del giro de comercio al por menor de partes y refacciones nuevas para automóviles, camionetas y camiones en Monterrey, Nuevo León.",DENUE/INEGI,ok_para_publicar
19039468211005555001008919M3,6366749,AUTO PARTES MOSAR,AUTO PARTES MOSAR,"Comercio al por menor de partes y refacciones nuevas para automóviles, camionetas y camiones",0 a 5 personas,AVENIDA,ADOLFO RUÍZ CORTINES,2720,,MODERNA,64530,"Monterrey, Monterrey, Nuevo León",8110668554,JGSANCHEZ@APMOSAR.COM.MX,WWW.APMOSAR.COM.MX,Fijo,-100.2859256,25.70357495,,,,1050,015,468211,,46,468,4682,46821,,COLONIA,2010-07,190390001,A,listo para publicar,alta,15,tiene teléfono; tiene correo; tiene sitio web; tiene coordenadas; dirección suficiente,publicar ficha y preparar contacto comercial,Monterrey,"AVENIDA, ADOLFO RUÍZ CORTINES, 2720, MODERNA, 64530, Monterrey, Monterrey, Nuevo León",sí,sí,sí,sí,42,82,Auto Partes Mosar,Refacciones diesel y camión,nuevo-leon,monterrey,auto-partes-mosar-monterrey-366749,/nuevo-leon/monterrey/auto-partes-mosar-monterrey-366749/,https://www.rankearefaccionarias.info/nuevo-leon/monterrey/auto-partes-mosar-monterrey-366749/,published,2026-08-23,,top_100_lanzamiento,false,true,0.8,monthly,2026-08-23,AutoPartsStore,"Auto Partes Mosar en Monterrey, Nuevo León","Auto Partes Mosar | Refaccionaria en Monterrey, Nuevo León","Ficha de Auto Partes Mosar, negocio registrado en DENUE dentro del giro de refacciones y autopartes en Monterrey, Nuevo León.","Auto Partes Mosar es un negocio registrado en DENUE/INEGI dentro del giro de comercio al por menor de partes y refacciones nuevas para automóviles, camionetas y camiones en Monterrey, Nuevo León.",DENUE/INEGI,ok_para_publicar
19039468211003631002008919S4,6369652,AUTO PARTES MOSAR,AUTO PARTES MOSAR,"Comercio al por menor de partes y refacciones nuevas para automóviles, camionetas y camiones",0 a 5 personas,CALLE,RÍO SENA,5,,ROMA,64700,"Monterrey, Monterrey, Nuevo León",8110668554,JGSANCHEZ@APMOSAR.COM.MX,WWW.APMORSAR.COM.MX,Fijo,-100.29841341,25.65921846,,,,2006,027,468211,,46,468,4682,46821,,COLONIA,2010-07,190390001,A,listo para publicar,alta,15,tiene teléfono; tiene correo; tiene sitio web; tiene coordenadas; dirección suficiente,publicar ficha y preparar contacto comercial,Monterrey,"CALLE, RÍO SENA, 5, ROMA, 64700, Monterrey, Monterrey, Nuevo León",sí,sí,sí,sí,43,82,Auto Partes Mosar,Refacciones diesel y camión,nuevo-leon,monterrey,auto-partes-mosar-monterrey-369652,/nuevo-leon/monterrey/auto-partes-mosar-monterrey-369652/,https://www.rankearefaccionarias.info/nuevo-leon/monterrey/auto-partes-mosar-monterrey-369652/,published,2026-08-23,,top_100_lanzamiento,false,true,0.8,monthly,2026-08-23,AutoPartsStore,"Auto Partes Mosar en Monterrey, Nuevo León","Auto Partes Mosar | Refaccionaria en Monterrey, Nuevo León","Ficha de Auto Partes Mosar, negocio registrado en DENUE dentro del giro de refacciones y autopartes en Monterrey, Nuevo León.","Auto Partes Mosar es un negocio registrado en DENUE/INEGI dentro del giro de comercio al por menor de partes y refacciones nuevas para automóviles, camionetas y camiones en Monterrey, Nuevo León.",DENUE/INEGI,ok_para_publicar
19039468211000601001000000U0,3029072,AUTO HULE,,"Comercio al por menor de partes y refacciones nuevas para automóviles, camionetas y camiones",6 a 10 personas,CALLE,PRIVADA LIMON,3318,,MODERNA,64530,"Monterrey, Monterrey, Nuevo León",8183310555,AUTOHULEMTY@YAHOO.COM.MX,WWW.DISTRIBUIDORA-AH.COM,Fijo,-100.27990112,25.70340348,,,,1084,008,468211,,46,468,4682,46821,,COLONIA,2010-07,190390001,A,listo para publicar,alta,15,tiene teléfono; tiene correo; tiene sitio web; tiene coordenadas; dirección suficiente,publicar ficha y preparar contacto comercial,Monterrey,"CALLE, PRIVADA LIMON, 3318, MODERNA, 64530, Monterrey, Monterrey, Nuevo León",sí,sí,sí,sí,44,82,Auto Hule,Refacciones diesel y camión,nuevo-leon,monterrey,auto-hule-monterrey-029072,/nuevo-leon/monterrey/auto-hule-monterrey-029072/,https://www.rankearefaccionarias.info/nuevo-leon/monterrey/auto-hule-monterrey-029072/,published,2026-08-23,,top_100_lanzamiento,false,true,0.8,monthly,2026-08-23,AutoPartsStore,"Auto Hule en Monterrey, Nuevo León","Auto Hule | Refaccionaria en Monterrey, Nuevo León","Ficha de Auto Hule, negocio registrado en DENUE dentro del giro de refacciones y autopartes en Monterrey, Nuevo León.","Auto Hule es un negocio registrado en DENUE/INEGI dentro del giro de comercio al por menor de partes y refacciones nuevas para automóviles, camionetas y camiones en Monterrey, Nuevo León.",DENUE/INEGI,ok_para_publicar
19039468211006161000000000U9,2990231,AGUILA AZTECA,GLOBAL AGUILA AZTECA,"Comercio al por menor de partes y refacciones nuevas para automóviles, camionetas y camiones",0 a 5 personas,BOULEVARD,DIAZ ORDAZ,101,,MIRAVALLE,64660,"Monterrey, Monterrey, Nuevo León",8119694952,ASISTENTE.COMERCIAL@AGUILAZTECA.COM,AGUILAAZTECA.COM,Fijo,-100.36714633,25.67407366,,,,1826,007,468211,,46,468,4682,46821,,COLONIA,2014-12,190390001,A,listo para publicar,alta,15,tiene teléfono; tiene correo; tiene sitio web; tiene coordenadas; dirección suficiente,publicar ficha y preparar contacto comercial,Monterrey,"BOULEVARD, DIAZ ORDAZ, 101, MIRAVALLE, 64660, Monterrey, Monterrey, Nuevo León",sí,sí,sí,sí,45,82,Aguila Azteca,Refacciones diesel y camión,nuevo-leon,monterrey,aguila-azteca-monterrey-990231,/nuevo-leon/monterrey/aguila-azteca-monterrey-990231/,https://www.rankearefaccionarias.info/nuevo-leon/monterrey/aguila-azteca-monterrey-990231/,published,2026-08-23,,top_100_lanzamiento,false,true,0.8,monthly,2026-08-23,AutoPartsStore,"Aguila Azteca en Monterrey, Nuevo León","Aguila Azteca | Refaccionaria en Monterrey, Nuevo León","Ficha de Aguila Azteca, negocio registrado en DENUE dentro del giro de refacciones y autopartes en Monterrey, Nuevo León.","Aguila Azteca es un negocio registrado en DENUE/INEGI dentro del giro de comercio al por menor de partes y refacciones nuevas para automóviles, camionetas y camiones en Monterrey, Nuevo León.",DENUE/INEGI,ok_para_publicar
19046436112000193002011865M2,6767654,TREVIÑO REFACCIONES MIGUEL ALEMAN,REFACCIONARIA TREVIÑO,"Comercio al por menor de partes y refacciones nuevas para automóviles, camionetas y camiones",101 a 250 personas,AVENIDA,CARRETERA MIGUEL ALEMÁN,113,,MIGUEL ALEMAN,66470,"San Nicolás de los Garza, San Nicolás de los Garza, Nuevo León",8116787310,CONTABILIDAD@TREVINO.MX,WWW.TREVINO.MX,Fijo,-100.2191196,25.7156569,,,,0790,001,468211,,46,468,4682,46821,,COLONIA,2016-10,190460001,A,listo para publicar,alta,17,tiene teléfono; tiene correo; tiene sitio web; tiene coordenadas; dirección suficiente; nombre relevante para refacciones/autopartes; señal comercial B2B/autopartes,publicar ficha y preparar contacto comercial,San Nicolás De Los Garza,"AVENIDA, CARRETERA MIGUEL ALEMÁN, 113, MIGUEL ALEMAN, 66470, San Nicolás de los Garza, San Nicolás de los Garza, Nuevo León",sí,sí,sí,sí,46,78,Treviño Refacciones Miguel Aleman,Refacciones diesel y camión,nuevo-leon,san-nicolas-de-los-garza,trevino-refacciones-miguel-aleman-san-nicolas-de-los-garza-767654,/nuevo-leon/san-nicolas-de-los-garza/trevino-refacciones-miguel-aleman-san-nicolas-de-los-garza-767654/,https://www.rankearefaccionarias.info/nuevo-leon/san-nicolas-de-los-garza/trevino-refacciones-miguel-aleman-san-nicolas-de-los-garza-767654/,published,2026-08-23,,top_100_lanzamiento,false,true,0.8,monthly,2026-08-23,AutoPartsStore,"Treviño Refacciones Miguel Aleman en San Nicolás De Los Garza, Nuevo León","Treviño Refacciones Miguel Aleman | Refaccionaria en San Nicolás De Los Garza, Nuevo León","Ficha de Treviño Refacciones Miguel Aleman, negocio registrado en DENUE dentro del giro de refacciones y autopartes en San Nicolás De Los Garza, Nuevo León.","Treviño Refacciones Miguel Aleman es un negocio registrado en DENUE/INEGI dentro del giro de comercio al por menor de partes y refacciones nuevas para automóviles, camionetas y camiones en San Nicolás De Los Garza, Nuevo León.",DENUE/INEGI,ok_para_publicar
19004468211000264003008649M1,6368242,TRACTO REFACCIONES ALLENDE,TRACTO REFACCIONES ALLENDE,"Comercio al por menor de partes y refacciones nuevas para automóviles, camionetas y camiones",11 a 30 personas,CALLE,CARRETERA NACIONAL,1525,,ZONA CENTRO,67350,"Ciudad de Allende, Allende, Nuevo León",8267695422,ECANTU@TRA.COM.MX,WWW.TRA.COM.MX,Fijo,-100.0332243,25.28665124,,,,0146,041,468211,,46,468,4682,46821,,COLONIA,2010-07,190040001,A,listo para publicar,alta,17,tiene teléfono; tiene correo; tiene sitio web; tiene coordenadas; dirección suficiente; nombre relevante para refacciones/autopartes; señal comercial B2B/autopartes,publicar ficha y preparar contacto comercial,Allende,"CALLE, CARRETERA NACIONAL, 1525, ZONA CENTRO, 67350, Ciudad de Allende, Allende, Nuevo León",sí,sí,sí,sí,47,78,Tracto Refacciones Allende,Refacciones diesel y camión,nuevo-leon,allende,tracto-refacciones-allende-allende-368242,/nuevo-leon/allende/tracto-refacciones-allende-allende-368242/,https://www.rankearefaccionarias.info/nuevo-leon/allende/tracto-refacciones-allende-allende-368242/,published,2026-08-23,,top_100_lanzamiento,false,true,0.8,monthly,2026-08-23,AutoPartsStore,"Tracto Refacciones Allende en Allende, Nuevo León","Tracto Refacciones Allende | Refaccionaria en Allende, Nuevo León","Ficha de Tracto Refacciones Allende, negocio registrado en DENUE dentro del giro de refacciones y autopartes en Allende, Nuevo León.","Tracto Refacciones Allende es un negocio registrado en DENUE/INEGI dentro del giro de comercio al por menor de partes y refacciones nuevas para automóviles, camionetas y camiones en Allende, Nuevo León.",DENUE/INEGI,ok_para_publicar
19026468211002161001000000U0,2979052,TORNILLOS Y REFACCIONES HIDALGO,TORNILLOS Y REFACCIONES HIDALGO,"Comercio al por menor de partes y refacciones nuevas para automóviles, camionetas y camiones",11 a 30 personas,AVENIDA,LAS AMERICAS,401,,LEÓN XIII,67120,"Guadalupe, Guadalupe, Nuevo León",8261144371,ADMINISTRACION@TRH.COM.MX,WWW.TRH.COM.MX,Fijo,-100.24649867,25.70122329,,,,0073,012,468211,,46,468,4682,46821,,COLONIA,2014-12,190260001,A,listo para publicar,alta,17,tiene teléfono; tiene correo; tiene sitio web; tiene coordenadas; dirección suficiente; nombre relevante para refacciones/autopartes; señal comercial B2B/autopartes,publicar ficha y preparar contacto comercial,Guadalupe,"AVENIDA, LAS AMERICAS, 401, LEÓN XIII, 67120, Guadalupe, Guadalupe, Nuevo León",sí,sí,sí,sí,48,78,Tornillos Y Refacciones Hidalgo,Refacciones diesel y camión,nuevo-leon,guadalupe,tornillos-y-refacciones-hidalgo-guadalupe-979052,/nuevo-leon/guadalupe/tornillos-y-refacciones-hidalgo-guadalupe-979052/,https://www.rankearefaccionarias.info/nuevo-leon/guadalupe/tornillos-y-refacciones-hidalgo-guadalupe-979052/,published,2026-08-23,,top_100_lanzamiento,false,true,0.8,monthly,2026-08-23,AutoPartsStore,"Tornillos Y Refacciones Hidalgo en Guadalupe, Nuevo León","Tornillos Y Refacciones Hidalgo | Refaccionaria en Guadalupe, Nuevo León","Ficha de Tornillos Y Refacciones Hidalgo, negocio registrado en DENUE dentro del giro de refacciones y autopartes en Guadalupe, Nuevo León.","Tornillos Y Refacciones Hidalgo es un negocio registrado en DENUE/INEGI dentro del giro de comercio al por menor de partes y refacciones nuevas para automóviles, camionetas y camiones en Guadalupe, Nuevo León.",DENUE/INEGI,ok_para_publicar
19026468211001863000007201S2,6370030,MUELLES Y REFACCIONES MAF,ALVAREZ AUTOMOTRIZ,"Comercio al por menor de partes y refacciones nuevas para automóviles, camionetas y camiones",6 a 10 personas,OTRO(ESPECIFIQUE),RUIZ CORTINEZ,1014,,HÉRCULES,67130,"Guadalupe, Guadalupe, Nuevo León",5543216167,MONTERREY@MUELLESMAF.COM,WWW.MUELLESMAF.COM,Fijo,-100.24780658,25.70295885,,,,0073,001,468211,,46,468,4682,46821,,COLONIA,2010-07,190260001,A,listo para publicar,alta,17,tiene teléfono; tiene correo; tiene sitio web; tiene coordenadas; dirección suficiente; nombre relevante para refacciones/autopartes; señal comercial B2B/autopartes,publicar ficha y preparar contacto comercial,Guadalupe,"OTRO(ESPECIFIQUE), RUIZ CORTINEZ, 1014, HÉRCULES, 67130, Guadalupe, Guadalupe, Nuevo León",sí,sí,sí,sí,49,78,Muelles Y Refacciones Maf,Refacciones diesel y camión,nuevo-leon,guadalupe,muelles-y-refacciones-maf-guadalupe-370030,/nuevo-leon/guadalupe/muelles-y-refacciones-maf-guadalupe-370030/,https://www.rankearefaccionarias.info/nuevo-leon/guadalupe/muelles-y-refacciones-maf-guadalupe-370030/,published,2026-08-23,,top_100_lanzamiento,false,true,0.8,monthly,2026-08-23,AutoPartsStore,"Muelles Y Refacciones Maf en Guadalupe, Nuevo León","Muelles Y Refacciones Maf | Refaccionaria en Guadalupe, Nuevo León","Ficha de Muelles Y Refacciones Maf, negocio registrado en DENUE dentro del giro de refacciones y autopartes en Guadalupe, Nuevo León.","Muelles Y Refacciones Maf es un negocio registrado en DENUE/INEGI dentro del giro de comercio al por menor de partes y refacciones nuevas para automóviles, camionetas y camiones en Guadalupe, Nuevo León.",DENUE/INEGI,ok_para_publicar
19046468211001273002000000U2,3006960,AUTO PARTES DIESEL INTERNACIONAL,,"Comercio al por menor de partes y refacciones nuevas para automóviles, camionetas y camiones",11 a 30 personas,AVENIDA,CORDILLERA DE LOS ANDES,401,,LAS PUENTES TERCER SECTOR,66460,"San Nicolás de los Garza, San Nicolás de los Garza, Nuevo León",8180309000,DIESELINTERNATIONAL@HOTMAIL.COM,DESELTERNACIONAL.COM,Fijo,-100.28512574,25.74161383,,,,1322,029,468211,,46,468,4682,46821,,COLONIA,2010-07,190460001,A,listo para publicar,alta,17,tiene teléfono; tiene correo; tiene sitio web; tiene coordenadas; dirección suficiente; nombre relevante para refacciones/autopartes; señal comercial B2B/autopartes,publicar ficha y preparar contacto comercial,San Nicolás De Los Garza,"AVENIDA, CORDILLERA DE LOS ANDES, 401, LAS PUENTES TERCER SECTOR, 66460, San Nicolás de los Garza, San Nicolás de los Garza, Nuevo León",sí,sí,sí,sí,50,78,Auto Partes Diesel Internacional,Refacciones diesel y camión,nuevo-leon,san-nicolas-de-los-garza,auto-partes-diesel-internacional-san-nicolas-de-los-garza-006960,/nuevo-leon/san-nicolas-de-los-garza/auto-partes-diesel-internacional-san-nicolas-de-los-garza-006960/,https://www.rankearefaccionarias.info/nuevo-leon/san-nicolas-de-los-garza/auto-partes-diesel-internacional-san-nicolas-de-los-garza-006960/,published,2026-08-23,,top_100_lanzamiento,false,true,0.8,monthly,2026-08-23,AutoPartsStore,"Auto Partes Diesel Internacional en San Nicolás De Los Garza, Nuevo León","Auto Partes Diesel Internacional | Refaccionaria en San Nicolás De Los Garza, Nuevo León","Ficha de Auto Partes Diesel Internacional, negocio registrado en DENUE dentro del giro de refacciones y autopartes en San Nicolás De Los Garza, Nuevo León.","Auto Partes Diesel Internacional es un negocio registrado en DENUE/INEGI dentro del giro de comercio al por menor de partes y refacciones nuevas para automóviles, camionetas y camiones en San Nicolás De Los Garza, Nuevo León.",DENUE/INEGI,ok_para_publicar
19046468211000691000000000U6,3005316,ACSA REFACCIONES,,"Comercio al por menor de partes y refacciones nuevas para automóviles, camionetas y camiones",0 a 5 personas,AVENIDA,CRISTINA LARRALDE DE TREVIÑO,1022,,LAS PUENTES OCTAVO SECTOR,66460,"San Nicolás de los Garza, San Nicolás de los Garza, Nuevo León",8127249972,AJRA1974.AR@GMAIL.COM,ACSAPARTS.COM,Fijo,-100.26827243,25.75070656,,,,0127,002,468211,,46,468,4682,46821,,COLONIA,2010-07,190460001,A,listo para publicar,alta,17,tiene teléfono; tiene correo; tiene sitio web; tiene coordenadas; dirección suficiente; nombre relevante para refacciones/autopartes; señal comercial B2B/autopartes,publicar ficha y preparar contacto comercial,San Nicolás De Los Garza,"AVENIDA, CRISTINA LARRALDE DE TREVIÑO, 1022, LAS PUENTES OCTAVO SECTOR, 66460, San Nicolás de los Garza, San Nicolás de los Garza, Nuevo León",sí,sí,sí,sí,51,78,Acsa Refacciones,Refacciones diesel y camión,nuevo-leon,san-nicolas-de-los-garza,acsa-refacciones-san-nicolas-de-los-garza-005316,/nuevo-leon/san-nicolas-de-los-garza/acsa-refacciones-san-nicolas-de-los-garza-005316/,https://www.rankearefaccionarias.info/nuevo-leon/san-nicolas-de-los-garza/acsa-refacciones-san-nicolas-de-los-garza-005316/,published,2026-08-23,,top_100_lanzamiento,false,true,0.8,monthly,2026-08-23,AutoPartsStore,"Acsa Refacciones en San Nicolás De Los Garza, Nuevo León","Acsa Refacciones | Refaccionaria en San Nicolás De Los Garza, Nuevo León","Ficha de Acsa Refacciones, negocio registrado en DENUE dentro del giro de refacciones y autopartes en San Nicolás De Los Garza, Nuevo León.","Acsa Refacciones es un negocio registrado en DENUE/INEGI dentro del giro de comercio al por menor de partes y refacciones nuevas para automóviles, camionetas y camiones en San Nicolás De Los Garza, Nuevo León.",DENUE/INEGI,ok_para_publicar
19026468211003131002000000U2,6806410,REFACCIONARIA ROSCO LA LUZ,,"Comercio al por menor de partes y refacciones nuevas para automóviles, camionetas y camiones",0 a 5 personas,AVENIDA,ADOLFO RUIZ CORTINES,303,,LA LUZ PRIMER SECTOR,67120,"Guadalupe, Guadalupe, Nuevo León",8183798657,VENTAS1@ROSCO.COM.MX,WWW.ROSCO.COM.MX,Fijo,-100.24328653,25.70313437,,,,0088,024,468211,,46,468,4682,46821,,COLONIA,2017-11,190260001,A,listo para publicar,alta,16,tiene teléfono; tiene correo; tiene sitio web; tiene coordenadas; dirección suficiente; nombre relevante para refacciones/autopartes,publicar ficha y preparar contacto comercial,Guadalupe,"AVENIDA, ADOLFO RUIZ CORTINES, 303, LA LUZ PRIMER SECTOR, 67120, Guadalupe, Guadalupe, Nuevo León",sí,sí,sí,sí,52,77,Refaccionaria Rosco La Luz,Refacciones diesel y camión,nuevo-leon,guadalupe,refaccionaria-rosco-la-luz-guadalupe-806410,/nuevo-leon/guadalupe/refaccionaria-rosco-la-luz-guadalupe-806410/,https://www.rankearefaccionarias.info/nuevo-leon/guadalupe/refaccionaria-rosco-la-luz-guadalupe-806410/,published,2026-08-23,,top_100_lanzamiento,false,true,0.8,monthly,2026-08-23,AutoPartsStore,"Refaccionaria Rosco La Luz en Guadalupe, Nuevo León","Refaccionaria Rosco La Luz | Refaccionaria en Guadalupe, Nuevo León","Ficha de Refaccionaria Rosco La Luz, negocio registrado en DENUE dentro del giro de refacciones y autopartes en Guadalupe, Nuevo León.","Refaccionaria Rosco La Luz es un negocio registrado en DENUE/INEGI dentro del giro de comercio al por menor de partes y refacciones nuevas para automóviles, camionetas y camiones en Guadalupe, Nuevo León.",DENUE/INEGI,ok_para_publicar
19021468211001171001000000U1,6806411,REFACCIONARIA ROSCO ESCOBEDO,,"Comercio al por menor de partes y refacciones nuevas para automóviles, camionetas y camiones",6 a 10 personas,CARRETERA,CARRETERA A COLOMBIA,209,,16 DE SPTIEMBRE,66050,"Ciudad General Escobedo, General Escobedo, Nuevo León",8183843460,VENTAS1@ROSCO.COM.MX,WWW.ROSCO.COM.MX,Fijo,-100.29234294,25.78093304,,,,0221,047,468211,,46,468,4682,46821,,COLONIA,2017-11,190210001,A,listo para publicar,alta,16,tiene teléfono; tiene correo; tiene sitio web; tiene coordenadas; dirección suficiente; nombre relevante para refacciones/autopartes,publicar ficha y preparar contacto comercial,General Escobedo,"CARRETERA, CARRETERA A COLOMBIA, 209, 16 DE SPTIEMBRE, 66050, Ciudad General Escobedo, General Escobedo, Nuevo León",sí,sí,sí,sí,53,77,Refaccionaria Rosco Escobedo,Refacciones diesel y camión,nuevo-leon,general-escobedo,refaccionaria-rosco-escobedo-general-escobedo-806411,/nuevo-leon/general-escobedo/refaccionaria-rosco-escobedo-general-escobedo-806411/,https://www.rankearefaccionarias.info/nuevo-leon/general-escobedo/refaccionaria-rosco-escobedo-general-escobedo-806411/,published,2026-08-23,,top_100_lanzamiento,false,true,0.8,monthly,2026-08-23,AutoPartsStore,"Refaccionaria Rosco Escobedo en General Escobedo, Nuevo León","Refaccionaria Rosco Escobedo | Refaccionaria en General Escobedo, Nuevo León","Ficha de Refaccionaria Rosco Escobedo, negocio registrado en DENUE dentro del giro de refacciones y autopartes en General Escobedo, Nuevo León.","Refaccionaria Rosco Escobedo es un negocio registrado en DENUE/INEGI dentro del giro de comercio al por menor de partes y refacciones nuevas para automóviles, camionetas y camiones en General Escobedo, Nuevo León.",DENUE/INEGI,ok_para_publicar
19039468211011801000000000U3,10647833,PABET REFACCIONES AUTOMOTICES,PABET REFACCIONES AUTOMOTRICES,"Comercio al por menor de partes y refacciones nuevas para automóviles, camionetas y camiones",0 a 5 personas,AVENIDA,ABRAHAM LINCOLN,178,,MITRAS NORTE,64320,"Monterrey, Monterrey, Nuevo León",8113119650,,WWW.PABETREFACCIONES.MX,Fijo,-100.34456451,25.71067243,,,,0743,017,468211,,46,468,4682,46821,,COLONIA,2024-11,190390001,A,listo para publicar,alta,14,tiene teléfono; tiene sitio web; tiene coordenadas; dirección suficiente; nombre relevante para refacciones/autopartes; señal comercial B2B/autopartes,buscar correo; publicar ficha; enriquecer campos faltantes después,Monterrey,"AVENIDA, ABRAHAM LINCOLN, 178, MITRAS NORTE, 64320, Monterrey, Monterrey, Nuevo León",sí,no,sí,sí,54,77,Pabet Refacciones Automotices,Refacciones diesel y camión,nuevo-leon,monterrey,pabet-refacciones-automotices-monterrey-647833,/nuevo-leon/monterrey/pabet-refacciones-automotices-monterrey-647833/,https://www.rankearefaccionarias.info/nuevo-leon/monterrey/pabet-refacciones-automotices-monterrey-647833/,published,2026-08-23,,top_100_lanzamiento,false,true,0.8,monthly,2026-08-23,AutoPartsStore,"Pabet Refacciones Automotices en Monterrey, Nuevo León","Pabet Refacciones Automotices | Refaccionaria en Monterrey, Nuevo León","Ficha de Pabet Refacciones Automotices, negocio registrado en DENUE dentro del giro de refacciones y autopartes en Monterrey, Nuevo León.","Pabet Refacciones Automotices es un negocio registrado en DENUE/INEGI dentro del giro de comercio al por menor de partes y refacciones nuevas para automóviles, camionetas y camiones en Monterrey, Nuevo León.",DENUE/INEGI,ok_para_publicar
19026468211001843001000000U4,3004420,CENTRAL DE MANGUERAS Y ACCESORIOS,CENTRAL DE MANGUERAS Y ACCESORIOS,"Comercio al por menor de partes y refacciones nuevas para automóviles, camionetas y camiones",0 a 5 personas,AVENIDA,GENERAL BONIFACIO SALINAS LEAL,806,,LA LUZ SEGUNDO SECTOR,67120,"Guadalupe, Guadalupe, Nuevo León",8183797800,DAVIDGC@CEMASAMX,WWW.CEMASA.MX,Fijo,-100.23952767,25.70731307,,,,0088,034,468211,,46,468,4682,46821,,COLONIA,2010-07,190260001,A,listo para publicar,alta,16,tiene teléfono; tiene correo; tiene sitio web; tiene coordenadas; dirección suficiente; nombre relevante para refacciones/autopartes,publicar ficha y preparar contacto comercial,Guadalupe,"AVENIDA, GENERAL BONIFACIO SALINAS LEAL, 806, LA LUZ SEGUNDO SECTOR, 67120, Guadalupe, Guadalupe, Nuevo León",sí,sí,sí,sí,55,77,Central De Mangueras Y Accesorios,Refacciones diesel y camión,nuevo-leon,guadalupe,central-de-mangueras-y-accesorios-guadalupe-004420,/nuevo-leon/guadalupe/central-de-mangueras-y-accesorios-guadalupe-004420/,https://www.rankearefaccionarias.info/nuevo-leon/guadalupe/central-de-mangueras-y-accesorios-guadalupe-004420/,published,2026-08-23,,top_100_lanzamiento,false,true,0.8,monthly,2026-08-23,AutoPartsStore,"Central De Mangueras Y Accesorios en Guadalupe, Nuevo León","Central De Mangueras Y Accesorios | Refaccionaria en Guadalupe, Nuevo León","Ficha de Central De Mangueras Y Accesorios, negocio registrado en DENUE dentro del giro de refacciones y autopartes en Guadalupe, Nuevo León.","Central De Mangueras Y Accesorios es un negocio registrado en DENUE/INEGI dentro del giro de comercio al por menor de partes y refacciones nuevas para automóviles, camionetas y camiones en Guadalupe, Nuevo León.",DENUE/INEGI,ok_para_publicar
19039468211003191001000000U9,3031691,AUTOPARTES EVER,,"Comercio al por menor de partes y refacciones nuevas para automóviles, camionetas y camiones",6 a 10 personas,AVENIDA,CRISTOBAL COLON,2817,,MADERO,64560,"Monterrey, Monterrey, Nuevo León",8183547310,,WWW.AUTOPARTESEVER.COM,Fijo,-100.2869408,25.68385966,,,,1385,034,468211,,46,468,4682,46821,,COLONIA,2010-07,190390001,A,listo para publicar,alta,14,tiene teléfono; tiene sitio web; tiene coordenadas; dirección suficiente; nombre relevante para refacciones/autopartes; señal comercial B2B/autopartes,buscar correo; publicar ficha; enriquecer campos faltantes después,Monterrey,"AVENIDA, CRISTOBAL COLON, 2817, MADERO, 64560, Monterrey, Monterrey, Nuevo León",sí,no,sí,sí,56,77,Autopartes Ever,Refacciones diesel y camión,nuevo-leon,monterrey,autopartes-ever-monterrey-031691,/nuevo-leon/monterrey/autopartes-ever-monterrey-031691/,https://www.rankearefaccionarias.info/nuevo-leon/monterrey/autopartes-ever-monterrey-031691/,published,2026-08-23,,top_100_lanzamiento,false,true,0.8,monthly,2026-08-23,AutoPartsStore,"Autopartes Ever en Monterrey, Nuevo León","Autopartes Ever | Refaccionaria en Monterrey, Nuevo León","Ficha de Autopartes Ever, negocio registrado en DENUE dentro del giro de refacciones y autopartes en Monterrey, Nuevo León.","Autopartes Ever es un negocio registrado en DENUE/INEGI dentro del giro de comercio al por menor de partes y refacciones nuevas para automóviles, camionetas y camiones en Monterrey, Nuevo León.",DENUE/INEGI,ok_para_publicar
19006468211001352001000000U8,8713315,ARGOVI REFACCIONARIA,ARGOVI REFACCIONES,"Comercio al por menor de partes y refacciones nuevas para automóviles, camionetas y camiones",0 a 5 personas,CALLE,OAXACA,132,,NOVAPODACA,66605,"Ciudad Apodaca, Apodaca, Nuevo León",8124697575,APODACA@ARGOVI.COM,WWW.ARGOVI.COM,Fijo,-100.18843159,25.78638536,,,,0066,009,468211,,46,468,4682,46821,,COLONIA,2019-11,190060001,A,listo para publicar,alta,16,tiene teléfono; tiene correo; tiene sitio web; tiene coordenadas; dirección suficiente; nombre relevante para refacciones/autopartes,publicar ficha y preparar contacto comercial,Apodaca,"CALLE, OAXACA, 132, NOVAPODACA, 66605, Ciudad Apodaca, Apodaca, Nuevo León",sí,sí,sí,sí,57,77,Argovi Refaccionaria,Refacciones diesel y camión,nuevo-leon,apodaca,argovi-refaccionaria-apodaca-713315,/nuevo-leon/apodaca/argovi-refaccionaria-apodaca-713315/,https://www.rankearefaccionarias.info/nuevo-leon/apodaca/argovi-refaccionaria-apodaca-713315/,published,2026-08-23,,top_100_lanzamiento,false,true,0.8,monthly,2026-08-23,AutoPartsStore,"Argovi Refaccionaria en Apodaca, Nuevo León","Argovi Refaccionaria | Refaccionaria en Apodaca, Nuevo León","Ficha de Argovi Refaccionaria, negocio registrado en DENUE dentro del giro de refacciones y autopartes en Apodaca, Nuevo León.","Argovi Refaccionaria es un negocio registrado en DENUE/INEGI dentro del giro de comercio al por menor de partes y refacciones nuevas para automóviles, camionetas y camiones en Apodaca, Nuevo León.",DENUE/INEGI,ok_para_publicar
19021468211000593003000000U7,6365069,VEGE MOTODIS,VEGE MOTODIS,"Comercio al por menor de partes y refacciones nuevas para automóviles, camionetas y camiones",6 a 10 personas,AVENIDA,AVENIDA DE LA INDUSTRIA,800,,PARQUE INDUSTRIAL ESCOBEDO,66062,"Ciudad General Escobedo, General Escobedo, Nuevo León",8116785754,AXGALICIA@LKQCORP.COM,WWW.LKQ.COM.MX,Fijo,-100.34864726,25.81119863,,,,0077,002,468211,,46,468,4682,46821,,PARQUE INDUSTRIAL,2010-07,190210001,A,listo para publicar,alta,15,tiene teléfono; tiene correo; tiene sitio web; tiene coordenadas; dirección suficiente,publicar ficha y preparar contacto comercial,General Escobedo,"AVENIDA, AVENIDA DE LA INDUSTRIA, 800, PARQUE INDUSTRIAL ESCOBEDO, 66062, Ciudad General Escobedo, General Escobedo, Nuevo León",sí,sí,sí,sí,58,76,Vege Motodis,Refacciones diesel y camión,nuevo-leon,general-escobedo,vege-motodis-general-escobedo-365069,/nuevo-leon/general-escobedo/vege-motodis-general-escobedo-365069/,https://www.rankearefaccionarias.info/nuevo-leon/general-escobedo/vege-motodis-general-escobedo-365069/,published,2026-08-23,,top_100_lanzamiento,false,true,0.8,monthly,2026-08-23,AutoPartsStore,"Vege Motodis en General Escobedo, Nuevo León","Vege Motodis | Refaccionaria en General Escobedo, Nuevo León","Ficha de Vege Motodis, negocio registrado en DENUE dentro del giro de refacciones y autopartes en General Escobedo, Nuevo León.","Vege Motodis es un negocio registrado en DENUE/INEGI dentro del giro de comercio al por menor de partes y refacciones nuevas para automóviles, camionetas y camiones en General Escobedo, Nuevo León.",DENUE/INEGI,ok_para_publicar
19026468211003723001000000U6,7889051,TURBOS SYSTEM PRODUCTS,TURBOS SYSTEM PRODUCTS,"Comercio al por menor de partes y refacciones nuevas para automóviles, camionetas y camiones",31 a 50 personas,AVENIDA,ADOLFO RUIZ CORTINES,304,,HÉRCULES,67120,"Guadalupe, Guadalupe, Nuevo León",8899441411,RH@TURBOSYSTEM.COM.MX,TURBOSYSTEM.MX,Fijo,-100.24964583,25.7029937,,,,0073,008,468211,,46,468,4682,46821,,FRACCIONAMIENTO,2019-11,190260001,A,listo para publicar,alta,15,tiene teléfono; tiene correo; tiene sitio web; tiene coordenadas; dirección suficiente,publicar ficha y preparar contacto comercial,Guadalupe,"AVENIDA, ADOLFO RUIZ CORTINES, 304, HÉRCULES, 67120, Guadalupe, Guadalupe, Nuevo León",sí,sí,sí,sí,59,76,Turbos System Products,Refacciones diesel y camión,nuevo-leon,guadalupe,turbos-system-products-guadalupe-889051,/nuevo-leon/guadalupe/turbos-system-products-guadalupe-889051/,https://www.rankearefaccionarias.info/nuevo-leon/guadalupe/turbos-system-products-guadalupe-889051/,published,2026-08-23,,top_100_lanzamiento,false,true,0.8,monthly,2026-08-23,AutoPartsStore,"Turbos System Products en Guadalupe, Nuevo León","Turbos System Products | Refaccionaria en Guadalupe, Nuevo León","Ficha de Turbos System Products, negocio registrado en DENUE dentro del giro de refacciones y autopartes en Guadalupe, Nuevo León.","Turbos System Products es un negocio registrado en DENUE/INEGI dentro del giro de comercio al por menor de partes y refacciones nuevas para automóviles, camionetas y camiones en Guadalupe, Nuevo León.",DENUE/INEGI,ok_para_publicar
19026468211002192002000000U5,3004442,RELSA,RECTIFICACIONES ESPECIALIZADAS DE LEON,"Comercio al por menor de partes y refacciones nuevas para automóviles, camionetas y camiones",6 a 10 personas,AVENIDA,GENERAL BONIFACIO SALINAS LEAL,410,,LA LUZ SEGUNDO SECTOR,67120,"Guadalupe, Guadalupe, Nuevo León",8183775532,VENTAS@RELSA.COM.MX,WWW.RELSA.COM.MX,Fijo,-100.23967254,25.70516531,,,,0088,009,468211,,46,468,4682,46821,,FRACCIONAMIENTO,2010-07,190260001,A,listo para publicar,alta,15,tiene teléfono; tiene correo; tiene sitio web; tiene coordenadas; dirección suficiente,publicar ficha y preparar contacto comercial,Guadalupe,"AVENIDA, GENERAL BONIFACIO SALINAS LEAL, 410, LA LUZ SEGUNDO SECTOR, 67120, Guadalupe, Guadalupe, Nuevo León",sí,sí,sí,sí,60,76,Relsa,Refacciones diesel y camión,nuevo-leon,guadalupe,relsa-guadalupe-004442,/nuevo-leon/guadalupe/relsa-guadalupe-004442/,https://www.rankearefaccionarias.info/nuevo-leon/guadalupe/relsa-guadalupe-004442/,published,2026-08-23,,top_100_lanzamiento,false,true,0.8,monthly,2026-08-23,AutoPartsStore,"Relsa en Guadalupe, Nuevo León","Relsa | Refaccionaria en Guadalupe, Nuevo León","Ficha de Relsa, negocio registrado en DENUE dentro del giro de refacciones y autopartes en Guadalupe, Nuevo León.","Relsa es un negocio registrado en DENUE/INEGI dentro del giro de comercio al por menor de partes y refacciones nuevas para automóviles, camionetas y camiones en Guadalupe, Nuevo León.",DENUE/INEGI,ok_para_publicar
19039468211012341000000000U9,10485062,REFACCIONARIA FUEL INJECTION,REFACCIONARIA FUEL INJECTION,"Comercio al por menor de partes y refacciones nuevas para automóviles, camionetas y camiones",0 a 5 personas,AVENIDA,ABRAHAM LINCOLN,7942,,PLUTARCO ELÍAS CALLES 1-2,64108,"Monterrey, Monterrey, Nuevo León",8119995189,,WWW.TOTALINJETIONPARTS.COM,Fijo,-100.39799247,25.75633038,,,,5087,012,468211,,46,468,4682,46821,,COLONIA,2024-11,190390001,A,listo para publicar,alta,13,tiene teléfono; tiene sitio web; tiene coordenadas; dirección suficiente; nombre relevante para refacciones/autopartes,buscar correo; publicar ficha; enriquecer campos faltantes después,Monterrey,"AVENIDA, ABRAHAM LINCOLN, 7942, PLUTARCO ELÍAS CALLES 1-2, 64108, Monterrey, Monterrey, Nuevo León",sí,no,sí,sí,61,76,Refaccionaria Fuel Injection,Refacciones diesel y camión,nuevo-leon,monterrey,refaccionaria-fuel-injection-monterrey-485062,/nuevo-leon/monterrey/refaccionaria-fuel-injection-monterrey-485062/,https://www.rankearefaccionarias.info/nuevo-leon/monterrey/refaccionaria-fuel-injection-monterrey-485062/,published,2026-08-23,,top_100_lanzamiento,false,true,0.8,monthly,2026-08-23,AutoPartsStore,"Refaccionaria Fuel Injection en Monterrey, Nuevo León","Refaccionaria Fuel Injection | Refaccionaria en Monterrey, Nuevo León","Ficha de Refaccionaria Fuel Injection, negocio registrado en DENUE dentro del giro de refacciones y autopartes en Monterrey, Nuevo León.","Refaccionaria Fuel Injection es un negocio registrado en DENUE/INEGI dentro del giro de comercio al por menor de partes y refacciones nuevas para automóviles, camionetas y camiones en Monterrey, Nuevo León.",DENUE/INEGI,ok_para_publicar
19006468211001981000000000U4,9860531,LINEAR MOTION PRECISION DE MEXICO,LINEAR MOTION PRECISION DE MEXICO,"Comercio al por menor de partes y refacciones nuevas para automóviles, camionetas y camiones",0 a 5 personas,CALLE,BENITO JUAREZ,212,,HUINALÁ,66640,"Ciudad Apodaca, Apodaca, Nuevo León",8134763529,VENTA@LIMPSA.COM.MX,WWW.LIMPSA.COM.MX,Fijo,-100.16110282,25.74253522,,,,1454,015,468211,,46,468,4682,46821,,COLONIA,2024-11,190060001,A,listo para publicar,alta,15,tiene teléfono; tiene correo; tiene sitio web; tiene coordenadas; dirección suficiente,publicar ficha y preparar contacto comercial,Apodaca,"CALLE, BENITO JUAREZ, 212, HUINALÁ, 66640, Ciudad Apodaca, Apodaca, Nuevo León",sí,sí,sí,sí,62,76,Linear Motion Precision De Mexico,Refacciones diesel y camión,nuevo-leon,apodaca,linear-motion-precision-de-mexico-apodaca-860531,/nuevo-leon/apodaca/linear-motion-precision-de-mexico-apodaca-860531/,https://www.rankearefaccionarias.info/nuevo-leon/apodaca/linear-motion-precision-de-mexico-apodaca-860531/,published,2026-08-23,,top_100_lanzamiento,false,true,0.8,monthly,2026-08-23,AutoPartsStore,"Linear Motion Precision De Mexico en Apodaca, Nuevo León","Linear Motion Precision De Mexico | Refaccionaria en Apodaca, Nuevo León","Ficha de Linear Motion Precision De Mexico, negocio registrado en DENUE dentro del giro de refacciones y autopartes en Apodaca, Nuevo León.","Linear Motion Precision De Mexico es un negocio registrado en DENUE/INEGI dentro del giro de comercio al por menor de partes y refacciones nuevas para automóviles, camionetas y camiones en Apodaca, Nuevo León.",DENUE/INEGI,ok_para_publicar
19039468211012772000000000U5,12296562,JOMAR REFACCIONARIAS,JOMAR INDUSTRIAS,"Comercio al por menor de partes y refacciones nuevas para automóviles, camionetas y camiones",6 a 10 personas,AVENIDA,LUIS DONALDO COLOSIO MURRIETA,,,SAN LUIS,64102,"Monterrey, Monterrey, Nuevo León",8113607377,,WWW.GRUPOJOMAR.COM,Fijo,-100.38833051,25.77333882,,,,4411,013,468211,,46,468,4682,46821,,BARRIO,2026-04,190390001,A,listo para publicar,alta,13,tiene teléfono; tiene sitio web; tiene coordenadas; dirección suficiente; nombre relevante para refacciones/autopartes,buscar correo; publicar ficha; enriquecer campos faltantes después,Monterrey,"AVENIDA, LUIS DONALDO COLOSIO MURRIETA, SAN LUIS, 64102, Monterrey, Monterrey, Nuevo León",sí,no,sí,sí,63,76,Jomar Refaccionarias,Refacciones diesel y camión,nuevo-leon,monterrey,jomar-refaccionarias-monterrey-296562,/nuevo-leon/monterrey/jomar-refaccionarias-monterrey-296562/,https://www.rankearefaccionarias.info/nuevo-leon/monterrey/jomar-refaccionarias-monterrey-296562/,published,2026-08-23,,top_100_lanzamiento,false,true,0.8,monthly,2026-08-23,AutoPartsStore,"Jomar Refaccionarias en Monterrey, Nuevo León","Jomar Refaccionarias | Refaccionaria en Monterrey, Nuevo León","Ficha de Jomar Refaccionarias, negocio registrado en DENUE dentro del giro de refacciones y autopartes en Monterrey, Nuevo León.","Jomar Refaccionarias es un negocio registrado en DENUE/INEGI dentro del giro de comercio al por menor de partes y refacciones nuevas para automóviles, camionetas y camiones en Monterrey, Nuevo León.",DENUE/INEGI,ok_para_publicar
19046468211002201002000000U2,6876532,GOVI LA FE,GOVI LA FE,"Comercio al por menor de partes y refacciones nuevas para automóviles, camionetas y camiones",6 a 10 personas,AVENIDA,ROMULO GARZA,702,,PASEO DE LOS ÁNGELES,66460,"San Nicolás de los Garza, San Nicolás de los Garza, Nuevo León",8117596102,VTS.LAFE@SUSPENSION-GROB.COM,WWW.GRUPOGOVI.COM,Fijo,-100.22904519,25.72193745,,,,1623,002,468211,,46,468,4682,46821,,COLONIA,2019-04,190460001,A,listo para publicar,alta,15,tiene teléfono; tiene correo; tiene sitio web; tiene coordenadas; dirección suficiente,publicar ficha y preparar contacto comercial,San Nicolás De Los Garza,"AVENIDA, ROMULO GARZA, 702, PASEO DE LOS ÁNGELES, 66460, San Nicolás de los Garza, San Nicolás de los Garza, Nuevo León",sí,sí,sí,sí,64,76,Govi La Fe,Refacciones diesel y camión,nuevo-leon,san-nicolas-de-los-garza,govi-la-fe-san-nicolas-de-los-garza-876532,/nuevo-leon/san-nicolas-de-los-garza/govi-la-fe-san-nicolas-de-los-garza-876532/,https://www.rankearefaccionarias.info/nuevo-leon/san-nicolas-de-los-garza/govi-la-fe-san-nicolas-de-los-garza-876532/,published,2026-08-23,,top_100_lanzamiento,false,true,0.8,monthly,2026-08-23,AutoPartsStore,"Govi La Fe en San Nicolás De Los Garza, Nuevo León","Govi La Fe | Refaccionaria en San Nicolás De Los Garza, Nuevo León","Ficha de Govi La Fe, negocio registrado en DENUE dentro del giro de refacciones y autopartes en San Nicolás De Los Garza, Nuevo León.","Govi La Fe es un negocio registrado en DENUE/INEGI dentro del giro de comercio al por menor de partes y refacciones nuevas para automóviles, camionetas y camiones en San Nicolás De Los Garza, Nuevo León.",DENUE/INEGI,ok_para_publicar
19048468211000251000025246S5,2958265,GOVI AMORTIGUADORES,GOVI CHAPULTEPEC,"Comercio al por menor de partes y refacciones nuevas para automóviles, camionetas y camiones",6 a 10 personas,CALLE,MIGUEL HIDALGO Y COSTILLA,,,LA FAMA,66100,"Ciudad Santa Catarina, Santa Catarina, Nuevo León",8113650378,VTS.SC@SUSPENSION-GROB.COM,WWW.SUSPENSION-GROB.COM,Fijo,-100.42510584,25.66917791,,,,0579,020,468211,,46,468,4682,46821,,COLONIA,2014-12,190480001,A,listo para publicar,alta,15,tiene teléfono; tiene correo; tiene sitio web; tiene coordenadas; dirección suficiente,publicar ficha y preparar contacto comercial,Santa Catarina,"CALLE, MIGUEL HIDALGO Y COSTILLA, LA FAMA, 66100, Ciudad Santa Catarina, Santa Catarina, Nuevo León",sí,sí,sí,sí,65,76,Govi Amortiguadores,Suspensión y amortiguadores,nuevo-leon,santa-catarina,govi-amortiguadores-santa-catarina-958265,/nuevo-leon/santa-catarina/govi-amortiguadores-santa-catarina-958265/,https://www.rankearefaccionarias.info/nuevo-leon/santa-catarina/govi-amortiguadores-santa-catarina-958265/,published,2026-08-23,,top_100_lanzamiento,false,true,0.8,monthly,2026-08-23,AutoPartsStore,"Govi Amortiguadores en Santa Catarina, Nuevo León","Govi Amortiguadores | Refaccionaria en Santa Catarina, Nuevo León","Ficha de Govi Amortiguadores, negocio registrado en DENUE dentro del giro de refacciones y autopartes en Santa Catarina, Nuevo León.","Govi Amortiguadores es un negocio registrado en DENUE/INEGI dentro del giro de comercio al por menor de partes y refacciones nuevas para automóviles, camionetas y camiones en Santa Catarina, Nuevo León.",DENUE/INEGI,ok_para_publicar
19026468211003013200011914S2,6729816,GOCAR MTY SUCURSAL SAN NICOLAS NL 1,REPUESTOS Y FRENOS DE TAMPICO,"Comercio al por menor de partes y refacciones nuevas para automóviles, camionetas y camiones",11 a 30 personas,AVENIDA,AVENIDA D,1165,,HACIENDA LOS MORALES TERCER SECTOR SEGUNDA ETAPA,66495,"San Nicolás de los Garza, San Nicolás de los Garza, Nuevo León",8332300142,CHERNANDEZ@REPUESTOSYFRENOS.COM.MX,WWW.REPUESTOSYFRENOS.COM.MX,Fijo,-100.23629391,25.71200302,,,,1445,031,468211,,46,468,4682,46821,,COLONIA,2016-01,190460001,A,listo para publicar,alta,15,tiene teléfono; tiene correo; tiene sitio web; tiene coordenadas; dirección suficiente,publicar ficha y preparar contacto comercial,San Nicolás De Los Garza,"AVENIDA, AVENIDA D, 1165, HACIENDA LOS MORALES TERCER SECTOR SEGUNDA ETAPA, 66495, San Nicolás de los Garza, San Nicolás de los Garza, Nuevo León",sí,sí,sí,sí,66,76,Gocar Mty Sucursal San Nicolas Nl 1,Refacciones diesel y camión,nuevo-leon,san-nicolas-de-los-garza,gocar-mty-sucursal-san-nicolas-nl-1-san-nicolas-de-los-garza-729816,/nuevo-leon/san-nicolas-de-los-garza/gocar-mty-sucursal-san-nicolas-nl-1-san-nicolas-de-los-garza-729816/,https://www.rankearefaccionarias.info/nuevo-leon/san-nicolas-de-los-garza/gocar-mty-sucursal-san-nicolas-nl-1-san-nicolas-de-los-garza-729816/,published,2026-08-23,,top_100_lanzamiento,false,true,0.8,monthly,2026-08-23,AutoPartsStore,"Gocar Mty Sucursal San Nicolas Nl 1 en San Nicolás De Los Garza, Nuevo León","Gocar Mty Sucursal San Nicolas Nl 1 | Refaccionaria en San Nicolás De Los Garza, Nuevo León","Ficha de Gocar Mty Sucursal San Nicolas Nl 1, negocio registrado en DENUE dentro del giro de refacciones y autopartes en San Nicolás De Los Garza, Nuevo León.","Gocar Mty Sucursal San Nicolas Nl 1 es un negocio registrado en DENUE/INEGI dentro del giro de comercio al por menor de partes y refacciones nuevas para automóviles, camionetas y camiones en San Nicolás De Los Garza, Nuevo León.",DENUE/INEGI,ok_para_publicar
19019468211000603000000000U8,10314310,ELEVADORES BLT MEXICO,UNITED ELEVADORES,"Comercio al por menor de partes y refacciones nuevas para automóviles, camionetas y camiones",11 a 30 personas,CALLE,MONTES ROCALLOSOS,600,,RESIDENCIAL SAN AGUSTÍN 2DO SECTOR,66260,"San Pedro Garza García, San Pedro Garza García, Nuevo León",8118215400,JIBANEZ@BLTMEXICO.COM.MX,WWW.BLTMEXICO.COM.MX,Fijo,-100.34137021,25.65344198,,,,0257,019,468211,,46,468,4682,46821,,RESIDENCIAL,2024-11,190190001,A,listo para publicar,alta,15,tiene teléfono; tiene correo; tiene sitio web; tiene coordenadas; dirección suficiente,publicar ficha y preparar contacto comercial,San Pedro Garza García,"CALLE, MONTES ROCALLOSOS, 600, RESIDENCIAL SAN AGUSTÍN 2DO SECTOR, 66260, San Pedro Garza García, San Pedro Garza García, Nuevo León",sí,sí,sí,sí,67,76,Elevadores Blt Mexico,Refacciones diesel y camión,nuevo-leon,san-pedro-garza-garcia,elevadores-blt-mexico-san-pedro-garza-garcia-314310,/nuevo-leon/san-pedro-garza-garcia/elevadores-blt-mexico-san-pedro-garza-garcia-314310/,https://www.rankearefaccionarias.info/nuevo-leon/san-pedro-garza-garcia/elevadores-blt-mexico-san-pedro-garza-garcia-314310/,published,2026-08-23,,top_100_lanzamiento,false,true,0.8,monthly,2026-08-23,AutoPartsStore,"Elevadores Blt Mexico en San Pedro Garza García, Nuevo León","Elevadores Blt Mexico | Refaccionaria en San Pedro Garza García, Nuevo León","Ficha de Elevadores Blt Mexico, negocio registrado en DENUE dentro del giro de refacciones y autopartes en San Pedro Garza García, Nuevo León.","Elevadores Blt Mexico es un negocio registrado en DENUE/INEGI dentro del giro de comercio al por menor de partes y refacciones nuevas para automóviles, camionetas y camiones en San Pedro Garza García, Nuevo León.",DENUE/INEGI,ok_para_publicar
19048468211001051000000000U8,8369459,ELEMENTOS FLUIDOS,ELEMENTOS FLUIDOS,"Comercio al por menor de partes y refacciones nuevas para automóviles, camionetas y camiones",0 a 5 personas,BOULEVARD,GUSTAVO DIAZ ORDAZ,118,,LA TRABAJADORES,66149,"Ciudad Santa Catarina, Santa Catarina, Nuevo León",8110220769,ADMINISTRACION@ELEMENTOSFLUIDOS.COM,WWW.ELEMENTOSFLUIDOS.COM,Fijo,-100.42516094,25.67460898,,,,023A,029,468211,,46,468,4682,46821,,COLONIA,2019-11,190480001,A,listo para publicar,alta,15,tiene teléfono; tiene correo; tiene sitio web; tiene coordenadas; dirección suficiente,publicar ficha y preparar contacto comercial,Santa Catarina,"BOULEVARD, GUSTAVO DIAZ ORDAZ, 118, LA TRABAJADORES, 66149, Ciudad Santa Catarina, Santa Catarina, Nuevo León",sí,sí,sí,sí,68,76,Elementos Fluidos,Refacciones diesel y camión,nuevo-leon,santa-catarina,elementos-fluidos-santa-catarina-369459,/nuevo-leon/santa-catarina/elementos-fluidos-santa-catarina-369459/,https://www.rankearefaccionarias.info/nuevo-leon/santa-catarina/elementos-fluidos-santa-catarina-369459/,published,2026-08-23,,top_100_lanzamiento,false,true,0.8,monthly,2026-08-23,AutoPartsStore,"Elementos Fluidos en Santa Catarina, Nuevo León","Elementos Fluidos | Refaccionaria en Santa Catarina, Nuevo León","Ficha de Elementos Fluidos, negocio registrado en DENUE dentro del giro de refacciones y autopartes en Santa Catarina, Nuevo León.","Elementos Fluidos es un negocio registrado en DENUE/INEGI dentro del giro de comercio al por menor de partes y refacciones nuevas para automóviles, camionetas y camiones en Santa Catarina, Nuevo León.",DENUE/INEGI,ok_para_publicar
19033811119000021000000000U3,3037498,CORPORACION INTERNACIONAL RAGO - MEX,CORPORACION INTERNACIONAL RAGO - MEX,"Comercio al por menor de partes y refacciones nuevas para automóviles, camionetas y camiones",11 a 30 personas,CALLE,BELISARIO DOMINGUEZ,1351,,ALEJANDRO CANO,67755,"Linares, Linares, Nuevo León",8212127304,J.QUIROGA@RAGOMEX.COM,WWW.RAGOMEX.COM,Fijo,-99.57655351,24.86654149,,,,0561,036,468211,,46,468,4682,46821,,COLONIA,2010-07,190330001,A,listo para publicar,alta,15,tiene teléfono; tiene correo; tiene sitio web; tiene coordenadas; dirección suficiente,publicar ficha y preparar contacto comercial,Linares,"CALLE, BELISARIO DOMINGUEZ, 1351, ALEJANDRO CANO, 67755, Linares, Linares, Nuevo León",sí,sí,sí,sí,69,76,Corporacion Internacional Rago - Mex,Refacciones diesel y camión,nuevo-leon,linares,corporacion-internacional-rago-mex-linares-037498,/nuevo-leon/linares/corporacion-internacional-rago-mex-linares-037498/,https://www.rankearefaccionarias.info/nuevo-leon/linares/corporacion-internacional-rago-mex-linares-037498/,published,2026-08-23,,top_100_lanzamiento,false,true,0.8,monthly,2026-08-23,AutoPartsStore,"Corporacion Internacional Rago - Mex en Linares, Nuevo León","Corporacion Internacional Rago - Mex | Refaccionaria en Linares, Nuevo León","Ficha de Corporacion Internacional Rago - Mex, negocio registrado en DENUE dentro del giro de refacciones y autopartes en Linares, Nuevo León.","Corporacion Internacional Rago - Mex es un negocio registrado en DENUE/INEGI dentro del giro de comercio al por menor de partes y refacciones nuevas para automóviles, camionetas y camiones en Linares, Nuevo León.",DENUE/INEGI,ok_para_publicar
19046468211001501000000000U6,2975261,CENTRO DE SERVICIO LTH,,"Comercio al por menor de partes y refacciones nuevas para automóviles, camionetas y camiones",0 a 5 personas,AVENIDA,SENDERO NORTE,370,,VILLA LUZ,66635,"San Nicolás de los Garza, San Nicolás de los Garza, Nuevo León",8183125601,LTHSENDERO@GMAIL.COM,WWW.CENTRODESERVICIOLTH.COM,Fijo,-100.26837437,25.77011768,CENTRO Y PLAZA COMERCIAL,CENTRO Y PLAZA COMERCIAL SIN NOMBRE,6,0447,059,468211,1,46,468,4682,46821,,COLONIA,2014-12,190460001,A,listo para publicar,alta,15,tiene teléfono; tiene correo; tiene sitio web; tiene coordenadas; dirección suficiente,publicar ficha y preparar contacto comercial,San Nicolás De Los Garza,"AVENIDA, SENDERO NORTE, 370, VILLA LUZ, 66635, San Nicolás de los Garza, San Nicolás de los Garza, Nuevo León",sí,sí,sí,sí,70,76,Centro De Servicio Lth,Refacciones diesel y camión,nuevo-leon,san-nicolas-de-los-garza,centro-de-servicio-lth-san-nicolas-de-los-garza-975261,/nuevo-leon/san-nicolas-de-los-garza/centro-de-servicio-lth-san-nicolas-de-los-garza-975261/,https://www.rankearefaccionarias.info/nuevo-leon/san-nicolas-de-los-garza/centro-de-servicio-lth-san-nicolas-de-los-garza-975261/,published,2026-08-23,,top_100_lanzamiento,false,true,0.8,monthly,2026-08-23,AutoPartsStore,"Centro De Servicio Lth en San Nicolás De Los Garza, Nuevo León","Centro De Servicio Lth | Refaccionaria en San Nicolás De Los Garza, Nuevo León","Ficha de Centro De Servicio Lth, negocio registrado en DENUE dentro del giro de refacciones y autopartes en San Nicolás De Los Garza, Nuevo León.","Centro De Servicio Lth es un negocio registrado en DENUE/INEGI dentro del giro de comercio al por menor de partes y refacciones nuevas para automóviles, camionetas y camiones en San Nicolás De Los Garza, Nuevo León.",DENUE/INEGI,ok_para_publicar
19046468211001355000002456S7,6369039,CENTRO DE DISTRIBUCION ORIENTE CD MONTERREY,CENTRO DE DISTRIBUCION ORIENTE,"Comercio al por menor de partes y refacciones nuevas para automóviles, camionetas y camiones",51 a 100 personas,PRIVADA,INDUSTRIAL NOGALAR (AV CHAPULTEPEC),305,7,PREDIO ALDAPE,66484,"San Nicolás de los Garza, San Nicolás de los Garza, Nuevo León",5536663816,JUAN.CABALLERO@CORRAMA.COM.MX,WWW.REFACCIONARIASCALIFORNIA.COM.MX,Fijo,-100.28812263,25.71714673,,,,1661,013,468211,,46,468,4682,46821,,ZONA INDUSTRIAL,2010-07,190460001,A,listo para publicar,alta,15,tiene teléfono; tiene correo; tiene sitio web; tiene coordenadas; dirección suficiente,publicar ficha y preparar contacto comercial,San Nicolás De Los Garza,"PRIVADA, INDUSTRIAL NOGALAR (AV CHAPULTEPEC), 305, 7, PREDIO ALDAPE, 66484, San Nicolás de los Garza, San Nicolás de los Garza, Nuevo León",sí,sí,sí,sí,71,76,Centro De Distribucion Oriente Cd Monterrey,Refacciones diesel y camión,nuevo-leon,san-nicolas-de-los-garza,centro-de-distribucion-oriente-cd-monterrey-san-nicolas-de-los-garza-369039,/nuevo-leon/san-nicolas-de-los-garza/centro-de-distribucion-oriente-cd-monterrey-san-nicolas-de-los-garza-369039/,https://www.rankearefaccionarias.info/nuevo-leon/san-nicolas-de-los-garza/centro-de-distribucion-oriente-cd-monterrey-san-nicolas-de-los-garza-369039/,published,2026-08-23,,top_100_lanzamiento,false,true,0.8,monthly,2026-08-23,AutoPartsStore,"Centro De Distribucion Oriente Cd Monterrey en San Nicolás De Los Garza, Nuevo León","Centro De Distribucion Oriente Cd Monterrey | Refaccionaria en San Nicolás De Los Garza, Nuevo León","Ficha de Centro De Distribucion Oriente Cd Monterrey, negocio registrado en DENUE dentro del giro de refacciones y autopartes en San Nicolás De Los Garza, Nuevo León.","Centro De Distribucion Oriente Cd Monterrey es un negocio registrado en DENUE/INEGI dentro del giro de comercio al por menor de partes y refacciones nuevas para automóviles, camionetas y camiones en San Nicolás De Los Garza, Nuevo León.",DENUE/INEGI,ok_para_publicar
19026468211001221000098262S3,2938506,BATTERY MASTER,SOLUCIONES EN BATERIAS,"Comercio al por menor de partes y refacciones nuevas para automóviles, camionetas y camiones",0 a 5 personas,AVENIDA,MIGUEL ALEMAN,311,,LINDA VISTA,67130,"Guadalupe, Guadalupe, Nuevo León",8182982800,MTY.LINDAVISTA@BATTERYMASTER.COM,WWW.BATTERYMASTER.COM,Fijo,-100.25136428,25.69073227,,,,0177,028,468211,,46,468,4682,46821,,COLONIA,2010-07,190260001,A,listo para publicar,alta,15,tiene teléfono; tiene correo; tiene sitio web; tiene coordenadas; dirección suficiente,publicar ficha y preparar contacto comercial,Guadalupe,"AVENIDA, MIGUEL ALEMAN, 311, LINDA VISTA, 67130, Guadalupe, Guadalupe, Nuevo León",sí,sí,sí,sí,72,76,Battery Master,Refacciones diesel y camión,nuevo-leon,guadalupe,battery-master-guadalupe-938506,/nuevo-leon/guadalupe/battery-master-guadalupe-938506/,https://www.rankearefaccionarias.info/nuevo-leon/guadalupe/battery-master-guadalupe-938506/,published,2026-08-23,,top_100_lanzamiento,false,true,0.8,monthly,2026-08-23,AutoPartsStore,"Battery Master en Guadalupe, Nuevo León","Battery Master | Refaccionaria en Guadalupe, Nuevo León","Ficha de Battery Master, negocio registrado en DENUE dentro del giro de refacciones y autopartes en Guadalupe, Nuevo León.","Battery Master es un negocio registrado en DENUE/INEGI dentro del giro de comercio al por menor de partes y refacciones nuevas para automóviles, camionetas y camiones en Guadalupe, Nuevo León.",DENUE/INEGI,ok_para_publicar
19026468211000481000000000U4,2938010,AUTOCRISTALES DEL ORIENTE,,"Comercio al por menor de partes y refacciones nuevas para automóviles, camionetas y camiones",0 a 5 personas,AVENIDA,B JUAREZ,305,,CENTRO DE GUADALUPE,67100,"Guadalupe, Guadalupe, Nuevo León",8117635663,ORIENTE305@HOTMAIL.COM,WWW.AUTOCRISTALESDELORIENTE.COM,Fijo,-100.25561263,25.67989659,,,,0302,008,468211,,46,468,4682,46821,,COLONIA,2010-07,190260001,A,listo para publicar,alta,15,tiene teléfono; tiene correo; tiene sitio web; tiene coordenadas; dirección suficiente,publicar ficha y preparar contacto comercial,Guadalupe,"AVENIDA, B JUAREZ, 305, CENTRO DE GUADALUPE, 67100, Guadalupe, Guadalupe, Nuevo León",sí,sí,sí,sí,73,76,Autocristales Del Oriente,Refacciones diesel y camión,nuevo-leon,guadalupe,autocristales-del-oriente-guadalupe-938010,/nuevo-leon/guadalupe/autocristales-del-oriente-guadalupe-938010/,https://www.rankearefaccionarias.info/nuevo-leon/guadalupe/autocristales-del-oriente-guadalupe-938010/,published,2026-08-23,,top_100_lanzamiento,false,true,0.8,monthly,2026-08-23,AutoPartsStore,"Autocristales Del Oriente en Guadalupe, Nuevo León","Autocristales Del Oriente | Refaccionaria en Guadalupe, Nuevo León","Ficha de Autocristales Del Oriente, negocio registrado en DENUE dentro del giro de refacciones y autopartes en Guadalupe, Nuevo León.","Autocristales Del Oriente es un negocio registrado en DENUE/INEGI dentro del giro de comercio al por menor de partes y refacciones nuevas para automóviles, camionetas y camiones en Guadalupe, Nuevo León.",DENUE/INEGI,ok_para_publicar
19026468211000441001008919S8,6370585,AUTO PARTES MOSAR,AUTO PARTES MOSAR,"Comercio al por menor de partes y refacciones nuevas para automóviles, camionetas y camiones",6 a 10 personas,OTRO(ESPECIFIQUE),BENITO JUAREZ,4006,,RAFAEL RAMÍREZ SEGUNDO SECTOR,67185,"Guadalupe, Guadalupe, Nuevo León",8110668554,JGSANCHEZ@APMOSAR.COM.MX,WWW.APMOSAR.COM.MX,Fijo,-100.21617196,25.67470362,,,,0618,033,468211,,46,468,4682,46821,,COLONIA,2011-03,190260001,A,listo para publicar,alta,15,tiene teléfono; tiene correo; tiene sitio web; tiene coordenadas; dirección suficiente,publicar ficha y preparar contacto comercial,Guadalupe,"OTRO(ESPECIFIQUE), BENITO JUAREZ, 4006, RAFAEL RAMÍREZ SEGUNDO SECTOR, 67185, Guadalupe, Guadalupe, Nuevo León",sí,sí,sí,sí,74,76,Auto Partes Mosar,Refacciones diesel y camión,nuevo-leon,guadalupe,auto-partes-mosar-guadalupe-370585,/nuevo-leon/guadalupe/auto-partes-mosar-guadalupe-370585/,https://www.rankearefaccionarias.info/nuevo-leon/guadalupe/auto-partes-mosar-guadalupe-370585/,published,2026-08-23,,top_100_lanzamiento,false,true,0.8,monthly,2026-08-23,AutoPartsStore,"Auto Partes Mosar en Guadalupe, Nuevo León","Auto Partes Mosar | Refaccionaria en Guadalupe, Nuevo León","Ficha de Auto Partes Mosar, negocio registrado en DENUE dentro del giro de refacciones y autopartes en Guadalupe, Nuevo León.","Auto Partes Mosar es un negocio registrado en DENUE/INEGI dentro del giro de comercio al por menor de partes y refacciones nuevas para automóviles, camionetas y camiones en Guadalupe, Nuevo León.",DENUE/INEGI,ok_para_publicar
19046468211000871000008919S4,6370584,AUTO PARTES MOSAR,AUTO PARTES MOSAR,"Comercio al por menor de partes y refacciones nuevas para automóviles, camionetas y camiones",0 a 5 personas,AVENIDA,DIEGO DÍAZ DE BERLANGA (COBALTO),117,,PEDREGAL DE SANTO DOMINGO TERCER SECTOR,66444,"San Nicolás de los Garza, San Nicolás de los Garza, Nuevo León",8110668554,JGSANCHEZ@APMOSAR.COM.MX,WWW.APMOSAR.COM.MX,Fijo,-100.27241171,25.73195464,,,,1055,010,468211,,46,468,4682,46821,,COLONIA,2011-03,190460001,A,listo para publicar,alta,15,tiene teléfono; tiene correo; tiene sitio web; tiene coordenadas; dirección suficiente,publicar ficha y preparar contacto comercial,San Nicolás De Los Garza,"AVENIDA, DIEGO DÍAZ DE BERLANGA (COBALTO), 117, PEDREGAL DE SANTO DOMINGO TERCER SECTOR, 66444, San Nicolás de los Garza, San Nicolás de los Garza, Nuevo León",sí,sí,sí,sí,75,76,Auto Partes Mosar,Refacciones diesel y camión,nuevo-leon,san-nicolas-de-los-garza,auto-partes-mosar-san-nicolas-de-los-garza-370584,/nuevo-leon/san-nicolas-de-los-garza/auto-partes-mosar-san-nicolas-de-los-garza-370584/,https://www.rankearefaccionarias.info/nuevo-leon/san-nicolas-de-los-garza/auto-partes-mosar-san-nicolas-de-los-garza-370584/,published,2026-08-23,,top_100_lanzamiento,false,true,0.8,monthly,2026-08-23,AutoPartsStore,"Auto Partes Mosar en San Nicolás De Los Garza, Nuevo León","Auto Partes Mosar | Refaccionaria en San Nicolás De Los Garza, Nuevo León","Ficha de Auto Partes Mosar, negocio registrado en DENUE dentro del giro de refacciones y autopartes en San Nicolás De Los Garza, Nuevo León.","Auto Partes Mosar es un negocio registrado en DENUE/INEGI dentro del giro de comercio al por menor de partes y refacciones nuevas para automóviles, camionetas y camiones en San Nicolás De Los Garza, Nuevo León.",DENUE/INEGI,ok_para_publicar
19046468211002214001008919S5,6881494,AUTO PARTES MOSAR,AUTO PARTES MOSAR,"Comercio al por menor de partes y refacciones nuevas para automóviles, camionetas y camiones",51 a 100 personas,CALLE,SAN DIEGO,201,,INDUSTRIAL NOGALAR,66484,"San Nicolás de los Garza, San Nicolás de los Garza, Nuevo León",8110668554,JGSANCHEZ@APMOSAR.COM.MX,WWW.AUTOPARTESMOSAR.COM.MX,Fijo,-100.28477425,25.71699509,,,,1661,012,468211,,46,468,4682,46821,,COLONIA,2019-04,190460001,A,listo para publicar,alta,15,tiene teléfono; tiene correo; tiene sitio web; tiene coordenadas; dirección suficiente,publicar ficha y preparar contacto comercial,San Nicolás De Los Garza,"CALLE, SAN DIEGO, 201, INDUSTRIAL NOGALAR, 66484, San Nicolás de los Garza, San Nicolás de los Garza, Nuevo León",sí,sí,sí,sí,76,76,Auto Partes Mosar,Refacciones diesel y camión,nuevo-leon,san-nicolas-de-los-garza,auto-partes-mosar-san-nicolas-de-los-garza-881494,/nuevo-leon/san-nicolas-de-los-garza/auto-partes-mosar-san-nicolas-de-los-garza-881494/,https://www.rankearefaccionarias.info/nuevo-leon/san-nicolas-de-los-garza/auto-partes-mosar-san-nicolas-de-los-garza-881494/,published,2026-08-23,,top_100_lanzamiento,false,true,0.8,monthly,2026-08-23,AutoPartsStore,"Auto Partes Mosar en San Nicolás De Los Garza, Nuevo León","Auto Partes Mosar | Refaccionaria en San Nicolás De Los Garza, Nuevo León","Ficha de Auto Partes Mosar, negocio registrado en DENUE dentro del giro de refacciones y autopartes en San Nicolás De Los Garza, Nuevo León.","Auto Partes Mosar es un negocio registrado en DENUE/INEGI dentro del giro de comercio al por menor de partes y refacciones nuevas para automóviles, camionetas y camiones en San Nicolás De Los Garza, Nuevo León.",DENUE/INEGI,ok_para_publicar
19006468211000545000010288S8,6364350,ALESSO,ALESSO,"Comercio al por menor de partes y refacciones nuevas para automóviles, camionetas y camiones",51 a 100 personas,AVENIDA,MIGUEL ALEMÁN,514,,PARQUE INDUSTRIAL REGIO PARQUE,66633,"Ciudad Apodaca, Apodaca, Nuevo León",4423864961,ALEJANDRA.CORONA@ALESSO.COM.MX,WWW.ALESSO.COM.MX,Fijo,-100.20549755,25.74087881,,,,1026,001,468211,,46,468,4682,46821,,PARQUE INDUSTRIAL,2010-07,190060001,A,listo para publicar,alta,15,tiene teléfono; tiene correo; tiene sitio web; tiene coordenadas; dirección suficiente,publicar ficha y preparar contacto comercial,Apodaca,"AVENIDA, MIGUEL ALEMÁN, 514, PARQUE INDUSTRIAL REGIO PARQUE, 66633, Ciudad Apodaca, Apodaca, Nuevo León",sí,sí,sí,sí,77,76,Alesso,Refacciones diesel y camión,nuevo-leon,apodaca,alesso-apodaca-364350,/nuevo-leon/apodaca/alesso-apodaca-364350/,https://www.rankearefaccionarias.info/nuevo-leon/apodaca/alesso-apodaca-364350/,published,2026-08-23,,top_100_lanzamiento,false,true,0.8,monthly,2026-08-23,AutoPartsStore,"Alesso en Apodaca, Nuevo León","Alesso | Refaccionaria en Apodaca, Nuevo León","Ficha de Alesso, negocio registrado en DENUE dentro del giro de refacciones y autopartes en Apodaca, Nuevo León.","Alesso es un negocio registrado en DENUE/INEGI dentro del giro de comercio al por menor de partes y refacciones nuevas para automóviles, camionetas y camiones en Apodaca, Nuevo León.",DENUE/INEGI,ok_para_publicar
19039436112000091001000000U3,3032649,TRANSPARTES CASANOVA,TRANSPARTES CASANOVA,"Comercio al por menor de partes y refacciones nuevas para automóviles, camionetas y camiones",0 a 5 personas,AVENIDA,CRISTOBAL COLON,2523,,PABLO A. DE LA GARZA,64580,"Monterrey, Monterrey, Nuevo León",8183551015,,WWW.CASANOVA.COM,Fijo,-100.28993348,25.68388541,,,,1328,004,468211,,46,468,4682,46821,,COLONIA,2010-07,190390001,A,listo para publicar,alta,12,tiene teléfono; tiene sitio web; tiene coordenadas; dirección suficiente,buscar correo; publicar ficha; enriquecer campos faltantes después,Monterrey,"AVENIDA, CRISTOBAL COLON, 2523, PABLO A. DE LA GARZA, 64580, Monterrey, Monterrey, Nuevo León",sí,no,sí,sí,78,75,Transpartes Casanova,Refacciones diesel y camión,nuevo-leon,monterrey,transpartes-casanova-monterrey-032649,/nuevo-leon/monterrey/transpartes-casanova-monterrey-032649/,https://www.rankearefaccionarias.info/nuevo-leon/monterrey/transpartes-casanova-monterrey-032649/,published,2026-08-23,,top_100_lanzamiento,false,true,0.8,monthly,2026-08-23,AutoPartsStore,"Transpartes Casanova en Monterrey, Nuevo León","Transpartes Casanova | Refaccionaria en Monterrey, Nuevo León","Ficha de Transpartes Casanova, negocio registrado en DENUE dentro del giro de refacciones y autopartes en Monterrey, Nuevo León.","Transpartes Casanova es un negocio registrado en DENUE/INEGI dentro del giro de comercio al por menor de partes y refacciones nuevas para automóviles, camionetas y camiones en Monterrey, Nuevo León.",DENUE/INEGI,ok_para_publicar
19039468211005484012008330M6,6365489,SADA GOMEZ,SADA GOMEZ,"Comercio al por menor de partes y refacciones nuevas para automóviles, camionetas y camiones",6 a 10 personas,AVENIDA,ADOLFO RUÍZ CORTINES,444,,BELLA VISTA,64410,"Monterrey, Monterrey, Nuevo León",8126363969,,WWW.SADAGOMEZ.COM.MX,Fijo,-100.31615,25.70393154,,,,0955,019,468211,,46,468,4682,46821,,COLONIA,2010-07,190390001,A,listo para publicar,alta,12,tiene teléfono; tiene sitio web; tiene coordenadas; dirección suficiente,buscar correo; publicar ficha; enriquecer campos faltantes después,Monterrey,"AVENIDA, ADOLFO RUÍZ CORTINES, 444, BELLA VISTA, 64410, Monterrey, Monterrey, Nuevo León",sí,no,sí,sí,79,75,Sada Gomez,Refacciones diesel y camión,nuevo-leon,monterrey,sada-gomez-monterrey-365489,/nuevo-leon/monterrey/sada-gomez-monterrey-365489/,https://www.rankearefaccionarias.info/nuevo-leon/monterrey/sada-gomez-monterrey-365489/,published,2026-08-23,,top_100_lanzamiento,false,true,0.8,monthly,2026-08-23,AutoPartsStore,"Sada Gomez en Monterrey, Nuevo León","Sada Gomez | Refaccionaria en Monterrey, Nuevo León","Ficha de Sada Gomez, negocio registrado en DENUE dentro del giro de refacciones y autopartes en Monterrey, Nuevo León.","Sada Gomez es un negocio registrado en DENUE/INEGI dentro del giro de comercio al por menor de partes y refacciones nuevas para automóviles, camionetas y camiones en Monterrey, Nuevo León.",DENUE/INEGI,ok_para_publicar
19039468211000251000000000U4,2967324,MOTORCRAFT,,"Comercio al por menor de partes y refacciones nuevas para automóviles, camionetas y camiones",0 a 5 personas,CALLE,SAN BERNABE,128,,MORELOS,64180,"Monterrey, Monterrey, Nuevo León",8113806036,,WWW.MOTORCRAFT.COM,Fijo,-100.34376638,25.72088486,,,,0527,034,468211,,46,468,4682,46821,,COLONIA,2014-12,190390001,A,listo para publicar,alta,12,tiene teléfono; tiene sitio web; tiene coordenadas; dirección suficiente,buscar correo; publicar ficha; enriquecer campos faltantes después,Monterrey,"CALLE, SAN BERNABE, 128, MORELOS, 64180, Monterrey, Monterrey, Nuevo León",sí,no,sí,sí,80,75,Motorcraft,Refacciones diesel y camión,nuevo-leon,monterrey,motorcraft-monterrey-967324,/nuevo-leon/monterrey/motorcraft-monterrey-967324/,https://www.rankearefaccionarias.info/nuevo-leon/monterrey/motorcraft-monterrey-967324/,published,2026-08-23,,top_100_lanzamiento,false,true,0.8,monthly,2026-08-23,AutoPartsStore,"Motorcraft en Monterrey, Nuevo León","Motorcraft | Refaccionaria en Monterrey, Nuevo León","Ficha de Motorcraft, negocio registrado en DENUE dentro del giro de refacciones y autopartes en Monterrey, Nuevo León.","Motorcraft es un negocio registrado en DENUE/INEGI dentro del giro de comercio al por menor de partes y refacciones nuevas para automóviles, camionetas y camiones en Monterrey, Nuevo León.",DENUE/INEGI,ok_para_publicar
19039468211011531000000000U6,10741767,IRONMAN,,"Comercio al por menor de partes y refacciones nuevas para automóviles, camionetas y camiones",0 a 5 personas,AVENIDA,ABRAHAM LINCOLN,,,PASEO DE SAN BERNABE,64103,"Monterrey, Monterrey, Nuevo León",8121992002,,WWW.IRONMAN4X4.COM.MX,Fijo,-100.4173893,25.76913262,,,,5068,028,468211,,46,468,4682,46821,,COLONIA,2024-11,190390001,A,listo para publicar,alta,12,tiene teléfono; tiene sitio web; tiene coordenadas; dirección suficiente,buscar correo; publicar ficha; enriquecer campos faltantes después,Monterrey,"AVENIDA, ABRAHAM LINCOLN, PASEO DE SAN BERNABE, 64103, Monterrey, Monterrey, Nuevo León",sí,no,sí,sí,81,75,Ironman,Refacciones diesel y camión,nuevo-leon,monterrey,ironman-monterrey-741767,/nuevo-leon/monterrey/ironman-monterrey-741767/,https://www.rankearefaccionarias.info/nuevo-leon/monterrey/ironman-monterrey-741767/,published,2026-08-23,,top_100_lanzamiento,false,true,0.8,monthly,2026-08-23,AutoPartsStore,"Ironman en Monterrey, Nuevo León","Ironman | Refaccionaria en Monterrey, Nuevo León","Ficha de Ironman, negocio registrado en DENUE dentro del giro de refacciones y autopartes en Monterrey, Nuevo León.","Ironman es un negocio registrado en DENUE/INEGI dentro del giro de comercio al por menor de partes y refacciones nuevas para automóviles, camionetas y camiones en Monterrey, Nuevo León.",DENUE/INEGI,ok_para_publicar
19039468211008021002000000U3,6722905,CRAESA,PROVEEDORA DE TAXIS,"Comercio al por menor de partes y refacciones nuevas para automóviles, camionetas y camiones",0 a 5 personas,AVENIDA,AZTLAN,8268,,LOMA LINDA,64120,"Monterrey, Monterrey, Nuevo León",8118708105,,WWW.CRAESAREFACCIONES.COM,Fijo,-100.36091674,25.74754144,,,,0103,026,468211,,46,468,4682,46821,,COLONIA,2016-01,190390001,A,listo para publicar,alta,12,tiene teléfono; tiene sitio web; tiene coordenadas; dirección suficiente,buscar correo; publicar ficha; enriquecer campos faltantes después,Monterrey,"AVENIDA, AZTLAN, 8268, LOMA LINDA, 64120, Monterrey, Monterrey, Nuevo León",sí,no,sí,sí,82,75,Craesa,Refacciones diesel y camión,nuevo-leon,monterrey,craesa-monterrey-722905,/nuevo-leon/monterrey/craesa-monterrey-722905/,https://www.rankearefaccionarias.info/nuevo-leon/monterrey/craesa-monterrey-722905/,published,2026-08-23,,top_100_lanzamiento,false,true,0.8,monthly,2026-08-23,AutoPartsStore,"Craesa en Monterrey, Nuevo León","Craesa | Refaccionaria en Monterrey, Nuevo León","Ficha de Craesa, negocio registrado en DENUE dentro del giro de refacciones y autopartes en Monterrey, Nuevo León.","Craesa es un negocio registrado en DENUE/INEGI dentro del giro de comercio al por menor de partes y refacciones nuevas para automóviles, camionetas y camiones en Monterrey, Nuevo León.",DENUE/INEGI,ok_para_publicar
19039468211005514001000000U0,6368981,AUTO REPUESTOS TAII,AUTO REPUESTOS TAII,"Comercio al por menor de partes y refacciones nuevas para automóviles, camionetas y camiones",11 a 30 personas,CALLE,GENERAL JERONIMO TREVIÑO,1834,,CENTRO,64000,"Monterrey, Monterrey, Nuevo León",8112335000,,WWW.GRUPOTAIISA.COM.MX,Fijo,-100.33039271,25.68320121,,,,1474,042,468211,,46,468,4682,46821,,COLONIA,2010-07,190390001,A,listo para publicar,alta,12,tiene teléfono; tiene sitio web; tiene coordenadas; dirección suficiente,buscar correo; publicar ficha; enriquecer campos faltantes después,Monterrey,"CALLE, GENERAL JERONIMO TREVIÑO, 1834, CENTRO, 64000, Monterrey, Monterrey, Nuevo León",sí,no,sí,sí,83,75,Auto Repuestos Taii,Refacciones diesel y camión,nuevo-leon,monterrey,auto-repuestos-taii-monterrey-368981,/nuevo-leon/monterrey/auto-repuestos-taii-monterrey-368981/,https://www.rankearefaccionarias.info/nuevo-leon/monterrey/auto-repuestos-taii-monterrey-368981/,published,2026-08-23,,top_100_lanzamiento,false,true,0.8,monthly,2026-08-23,AutoPartsStore,"Auto Repuestos Taii en Monterrey, Nuevo León","Auto Repuestos Taii | Refaccionaria en Monterrey, Nuevo León","Ficha de Auto Repuestos Taii, negocio registrado en DENUE dentro del giro de refacciones y autopartes en Monterrey, Nuevo León.","Auto Repuestos Taii es un negocio registrado en DENUE/INEGI dentro del giro de comercio al por menor de partes y refacciones nuevas para automóviles, camionetas y camiones en Monterrey, Nuevo León.",DENUE/INEGI,ok_para_publicar
19039468211006901000000000U8,3029891,TRACTOPARTES CORDERO,,"Comercio al por menor de partes y refacciones nuevas para automóviles, camionetas y camiones",0 a 5 personas,CALLE,MAGNOLIA,2872,,JARDINES DE LA MODERNA,64530,"Monterrey, Monterrey, Nuevo León",8183544111,TRACTOPARTESCORDERO@HOTMAIL.COM,,Fijo,-100.28285872,25.69506737,,,,107A,041,468211,,46,468,4682,46821,,COLONIA,2010-07,190390001,A,listo para publicar,alta,13,tiene teléfono; tiene correo; tiene coordenadas; dirección suficiente; nombre relevante para refacciones/autopartes; señal comercial B2B/autopartes,buscar web/redes; publicar ficha; enriquecer campos faltantes después,Monterrey,"CALLE, MAGNOLIA, 2872, JARDINES DE LA MODERNA, 64530, Monterrey, Monterrey, Nuevo León",sí,sí,no,sí,84,72,Tractopartes Cordero,Refacciones diesel y camión,nuevo-leon,monterrey,tractopartes-cordero-monterrey-029891,/nuevo-leon/monterrey/tractopartes-cordero-monterrey-029891/,https://www.rankearefaccionarias.info/nuevo-leon/monterrey/tractopartes-cordero-monterrey-029891/,published,2026-08-23,,top_100_lanzamiento,false,true,0.8,monthly,2026-08-23,AutoPartsStore,"Tractopartes Cordero en Monterrey, Nuevo León","Tractopartes Cordero | Refaccionaria en Monterrey, Nuevo León","Ficha de Tractopartes Cordero, negocio registrado en DENUE dentro del giro de refacciones y autopartes en Monterrey, Nuevo León.","Tractopartes Cordero es un negocio registrado en DENUE/INEGI dentro del giro de comercio al por menor de partes y refacciones nuevas para automóviles, camionetas y camiones en Monterrey, Nuevo León.",DENUE/INEGI,ok_para_publicar
19039468211001591002000000U2,3009226,TOMMY REFACCIONES,AUTOMOTRIZ GUEVARA,"Comercio al por menor de partes y refacciones nuevas para automóviles, camionetas y camiones",6 a 10 personas,AVENIDA,PENITENCIARIA,2340,,SIMÓN BOLÍVAR,64270,"Monterrey, Monterrey, Nuevo León",8113598694,AUTOMOTRIZGUEVARA@HOTMAIL.COM,,Fijo,-100.34196316,25.72474997,,,,0546,015,468211,,46,468,4682,46821,,COLONIA,2010-07,190390001,A,listo para publicar,alta,13,tiene teléfono; tiene correo; tiene coordenadas; dirección suficiente; nombre relevante para refacciones/autopartes; señal comercial B2B/autopartes,buscar web/redes; publicar ficha; enriquecer campos faltantes después,Monterrey,"AVENIDA, PENITENCIARIA, 2340, SIMÓN BOLÍVAR, 64270, Monterrey, Monterrey, Nuevo León",sí,sí,no,sí,85,72,Tommy Refacciones,Refacciones diesel y camión,nuevo-leon,monterrey,tommy-refacciones-monterrey-009226,/nuevo-leon/monterrey/tommy-refacciones-monterrey-009226/,https://www.rankearefaccionarias.info/nuevo-leon/monterrey/tommy-refacciones-monterrey-009226/,published,2026-08-23,,top_100_lanzamiento,false,true,0.8,monthly,2026-08-23,AutoPartsStore,"Tommy Refacciones en Monterrey, Nuevo León","Tommy Refacciones | Refaccionaria en Monterrey, Nuevo León","Ficha de Tommy Refacciones, negocio registrado en DENUE dentro del giro de refacciones y autopartes en Monterrey, Nuevo León.","Tommy Refacciones es un negocio registrado en DENUE/INEGI dentro del giro de comercio al por menor de partes y refacciones nuevas para automóviles, camionetas y camiones en Monterrey, Nuevo León.",DENUE/INEGI,ok_para_publicar
19039468211012765000000000U9,12296526,TODO REFACCIONES,TODO REFACCIONES,"Comercio al por menor de partes y refacciones nuevas para automóviles, camionetas y camiones",51 a 100 personas,CALLE,JOSE MARIA ARTEAGA,948,,CENTRO,64000,"Monterrey, Monterrey, Nuevo León",8112555874,JUAN.TREVINO@TODOREFACCIONES.MX,,Fijo,-100.32150873,25.68396711,,,,1493,026,468211,,46,468,4682,46821,,COLONIA,2026-04,190390001,A,listo para publicar,alta,13,tiene teléfono; tiene correo; tiene coordenadas; dirección suficiente; nombre relevante para refacciones/autopartes; señal comercial B2B/autopartes,buscar web/redes; publicar ficha; enriquecer campos faltantes después,Monterrey,"CALLE, JOSE MARIA ARTEAGA, 948, CENTRO, 64000, Monterrey, Monterrey, Nuevo León",sí,sí,no,sí,86,72,Todo Refacciones,Refacciones diesel y camión,nuevo-leon,monterrey,todo-refacciones-monterrey-296526,/nuevo-leon/monterrey/todo-refacciones-monterrey-296526/,https://www.rankearefaccionarias.info/nuevo-leon/monterrey/todo-refacciones-monterrey-296526/,published,2026-08-23,,top_100_lanzamiento,false,true,0.8,monthly,2026-08-23,AutoPartsStore,"Todo Refacciones en Monterrey, Nuevo León","Todo Refacciones | Refaccionaria en Monterrey, Nuevo León","Ficha de Todo Refacciones, negocio registrado en DENUE dentro del giro de refacciones y autopartes en Monterrey, Nuevo León.","Todo Refacciones es un negocio registrado en DENUE/INEGI dentro del giro de comercio al por menor de partes y refacciones nuevas para automóviles, camionetas y camiones en Monterrey, Nuevo León.",DENUE/INEGI,ok_para_publicar
19039468211009141000000000U8,8288098,SEMAR AUTOPARTES,ADALBERTO SEPULVEDA,"Comercio al por menor de partes y refacciones nuevas para automóviles, camionetas y camiones",0 a 5 personas,CALLE,PABLO A DE LA GARZA,1448,,PABLO A. DE LA GARZA,64580,"Monterrey, Monterrey, Nuevo León",8120635153,SEMARAUTOPARTES@HOTMAIL.COM,,Fijo,-100.2874528,25.6860977,,,,1328,024,468211,,46,468,4682,46821,,COLONIA,2019-11,190390001,A,listo para publicar,alta,13,tiene teléfono; tiene correo; tiene coordenadas; dirección suficiente; nombre relevante para refacciones/autopartes; señal comercial B2B/autopartes,buscar web/redes; publicar ficha; enriquecer campos faltantes después,Monterrey,"CALLE, PABLO A DE LA GARZA, 1448, PABLO A. DE LA GARZA, 64580, Monterrey, Monterrey, Nuevo León",sí,sí,no,sí,87,72,Semar Autopartes,Refacciones diesel y camión,nuevo-leon,monterrey,semar-autopartes-monterrey-288098,/nuevo-leon/monterrey/semar-autopartes-monterrey-288098/,https://www.rankearefaccionarias.info/nuevo-leon/monterrey/semar-autopartes-monterrey-288098/,published,2026-08-23,,top_100_lanzamiento,false,true,0.8,monthly,2026-08-23,AutoPartsStore,"Semar Autopartes en Monterrey, Nuevo León","Semar Autopartes | Refaccionaria en Monterrey, Nuevo León","Ficha de Semar Autopartes, negocio registrado en DENUE dentro del giro de refacciones y autopartes en Monterrey, Nuevo León.","Semar Autopartes es un negocio registrado en DENUE/INEGI dentro del giro de comercio al por menor de partes y refacciones nuevas para automóviles, camionetas y camiones en Monterrey, Nuevo León.",DENUE/INEGI,ok_para_publicar
19039468211002211000000000U6,3029119,REFACCIONES Y TRASMISIONES RAUL,,"Comercio al por menor de partes y refacciones nuevas para automóviles, camionetas y camiones",0 a 5 personas,CALLE,NARANJO,3210,,MODERNA,64530,"Monterrey, Monterrey, Nuevo León",8128820526,RAUL.TRANMISIONESAUTO@HOTMAIL.COM,,Fijo,-100.28621442,25.7033903,,,,1050,021,468211,,46,468,4682,46821,,COLONIA,2010-07,190390001,A,listo para publicar,alta,13,tiene teléfono; tiene correo; tiene coordenadas; dirección suficiente; nombre relevante para refacciones/autopartes; señal comercial B2B/autopartes,buscar web/redes; publicar ficha; enriquecer campos faltantes después,Monterrey,"CALLE, NARANJO, 3210, MODERNA, 64530, Monterrey, Monterrey, Nuevo León",sí,sí,no,sí,88,72,Refacciones Y Trasmisiones Raul,Refacciones diesel y camión,nuevo-leon,monterrey,refacciones-y-trasmisiones-raul-monterrey-029119,/nuevo-leon/monterrey/refacciones-y-trasmisiones-raul-monterrey-029119/,https://www.rankearefaccionarias.info/nuevo-leon/monterrey/refacciones-y-trasmisiones-raul-monterrey-029119/,published,2026-08-23,,top_100_lanzamiento,false,true,0.8,monthly,2026-08-23,AutoPartsStore,"Refacciones Y Trasmisiones Raul en Monterrey, Nuevo León","Refacciones Y Trasmisiones Raul | Refaccionaria en Monterrey, Nuevo León","Ficha de Refacciones Y Trasmisiones Raul, negocio registrado en DENUE dentro del giro de refacciones y autopartes en Monterrey, Nuevo León.","Refacciones Y Trasmisiones Raul es un negocio registrado en DENUE/INEGI dentro del giro de comercio al por menor de partes y refacciones nuevas para automóviles, camionetas y camiones en Monterrey, Nuevo León.",DENUE/INEGI,ok_para_publicar
19039467111003101000000000U1,3029946,REFACCIONES Y SERVICIOS VILLARREAL,REFACCIONES Y SERVICIOS VILLARREAL,"Comercio al por menor de partes y refacciones nuevas para automóviles, camionetas y camiones",6 a 10 personas,AVENIDA,ANTONIO I VILLARREAL,2360,,LAS FLORES,64530,"Monterrey, Monterrey, Nuevo León",8183540558,RYSVILLARREAL@HOTMAIL.COM,,Fijo,-100.2777019,25.69511654,,,,1101,027,468211,,46,468,4682,46821,,COLONIA,2010-07,190390001,A,listo para publicar,alta,13,tiene teléfono; tiene correo; tiene coordenadas; dirección suficiente; nombre relevante para refacciones/autopartes; señal comercial B2B/autopartes,buscar web/redes; publicar ficha; enriquecer campos faltantes después,Monterrey,"AVENIDA, ANTONIO I VILLARREAL, 2360, LAS FLORES, 64530, Monterrey, Monterrey, Nuevo León",sí,sí,no,sí,89,72,Refacciones Y Servicios Villarreal,Refacciones diesel y camión,nuevo-leon,monterrey,refacciones-y-servicios-villarreal-monterrey-029946,/nuevo-leon/monterrey/refacciones-y-servicios-villarreal-monterrey-029946/,https://www.rankearefaccionarias.info/nuevo-leon/monterrey/refacciones-y-servicios-villarreal-monterrey-029946/,published,2026-08-23,,top_100_lanzamiento,false,true,0.8,monthly,2026-08-23,AutoPartsStore,"Refacciones Y Servicios Villarreal en Monterrey, Nuevo León","Refacciones Y Servicios Villarreal | Refaccionaria en Monterrey, Nuevo León","Ficha de Refacciones Y Servicios Villarreal, negocio registrado en DENUE dentro del giro de refacciones y autopartes en Monterrey, Nuevo León.","Refacciones Y Servicios Villarreal es un negocio registrado en DENUE/INEGI dentro del giro de comercio al por menor de partes y refacciones nuevas para automóviles, camionetas y camiones en Monterrey, Nuevo León.",DENUE/INEGI,ok_para_publicar
19039468211003601001000000U7,2931149,REFACCIONES AUTOMATICAS MONTERREY,REFACCIONES AUTOMATICAS MONTERREY,"Comercio al por menor de partes y refacciones nuevas para automóviles, camionetas y camiones",6 a 10 personas,CALLE,ANTIGUA VIA A TORREON,2901,,BERNARDO REYES TERCER-QUINTO SECTOR,64280,"Monterrey, Monterrey, Nuevo León",8183115911,RAMCO@INFINITUM.COM.MX,,Fijo,-100.34051886,25.70859636,,,,0743,031,468211,,46,468,4682,46821,,COLONIA,2012-06,190390001,A,listo para publicar,alta,13,tiene teléfono; tiene correo; tiene coordenadas; dirección suficiente; nombre relevante para refacciones/autopartes; señal comercial B2B/autopartes,buscar web/redes; publicar ficha; enriquecer campos faltantes después,Monterrey,"CALLE, ANTIGUA VIA A TORREON, 2901, BERNARDO REYES TERCER-QUINTO SECTOR, 64280, Monterrey, Monterrey, Nuevo León",sí,sí,no,sí,90,72,Refacciones Automaticas Monterrey,Refacciones diesel y camión,nuevo-leon,monterrey,refacciones-automaticas-monterrey-monterrey-931149,/nuevo-leon/monterrey/refacciones-automaticas-monterrey-monterrey-931149/,https://www.rankearefaccionarias.info/nuevo-leon/monterrey/refacciones-automaticas-monterrey-monterrey-931149/,published,2026-08-23,,top_100_lanzamiento,false,true,0.8,monthly,2026-08-23,AutoPartsStore,"Refacciones Automaticas Monterrey en Monterrey, Nuevo León","Refacciones Automaticas Monterrey | Refaccionaria en Monterrey, Nuevo León","Ficha de Refacciones Automaticas Monterrey, negocio registrado en DENUE dentro del giro de refacciones y autopartes en Monterrey, Nuevo León.","Refacciones Automaticas Monterrey es un negocio registrado en DENUE/INEGI dentro del giro de comercio al por menor de partes y refacciones nuevas para automóviles, camionetas y camiones en Monterrey, Nuevo León.",DENUE/INEGI,ok_para_publicar
19039468211012201000000000U5,10672694,REFACCIONES ALANIS,,"Comercio al por menor de partes y refacciones nuevas para automóviles, camionetas y camiones",0 a 5 personas,CALLE,PABLO A DE LA GARZA,1016,,MODERNA,64530,"Monterrey, Monterrey, Nuevo León",8115234963,TRACTO.ALANIS@HOMIL.COM,,Fijo,-100.28733351,25.69937524,,,,1031,021,468211,,46,468,4682,46821,,COLONIA,2024-11,190390001,A,listo para publicar,alta,13,tiene teléfono; tiene correo; tiene coordenadas; dirección suficiente; nombre relevante para refacciones/autopartes; señal comercial B2B/autopartes,buscar web/redes; publicar ficha; enriquecer campos faltantes después,Monterrey,"CALLE, PABLO A DE LA GARZA, 1016, MODERNA, 64530, Monterrey, Monterrey, Nuevo León",sí,sí,no,sí,91,72,Refacciones Alanis,Refacciones diesel y camión,nuevo-leon,monterrey,refacciones-alanis-monterrey-672694,/nuevo-leon/monterrey/refacciones-alanis-monterrey-672694/,https://www.rankearefaccionarias.info/nuevo-leon/monterrey/refacciones-alanis-monterrey-672694/,published,2026-08-23,,top_100_lanzamiento,false,true,0.8,monthly,2026-08-23,AutoPartsStore,"Refacciones Alanis en Monterrey, Nuevo León","Refacciones Alanis | Refaccionaria en Monterrey, Nuevo León","Ficha de Refacciones Alanis, negocio registrado en DENUE dentro del giro de refacciones y autopartes en Monterrey, Nuevo León.","Refacciones Alanis es un negocio registrado en DENUE/INEGI dentro del giro de comercio al por menor de partes y refacciones nuevas para automóviles, camionetas y camiones en Monterrey, Nuevo León.",DENUE/INEGI,ok_para_publicar
19039468211006532001000000U1,2993674,RAMCO REFACCIONES,,"Comercio al por menor de partes y refacciones nuevas para automóviles, camionetas y camiones",0 a 5 personas,CALLE,LUCIO BLANCO,1021,,FIERRO,64590,"Monterrey, Monterrey, Nuevo León",8183542141,FACTURARAMCO@GMAIL.COM,,Fijo,-100.27495097,25.68252238,,,,139A,015,468211,,46,468,4682,46821,,COLONIA,2014-12,190390001,A,listo para publicar,alta,13,tiene teléfono; tiene correo; tiene coordenadas; dirección suficiente; nombre relevante para refacciones/autopartes; señal comercial B2B/autopartes,buscar web/redes; publicar ficha; enriquecer campos faltantes después,Monterrey,"CALLE, LUCIO BLANCO, 1021, FIERRO, 64590, Monterrey, Monterrey, Nuevo León",sí,sí,no,sí,92,72,Ramco Refacciones,Refacciones diesel y camión,nuevo-leon,monterrey,ramco-refacciones-monterrey-993674,/nuevo-leon/monterrey/ramco-refacciones-monterrey-993674/,https://www.rankearefaccionarias.info/nuevo-leon/monterrey/ramco-refacciones-monterrey-993674/,published,2026-08-23,,top_100_lanzamiento,false,true,0.8,monthly,2026-08-23,AutoPartsStore,"Ramco Refacciones en Monterrey, Nuevo León","Ramco Refacciones | Refaccionaria en Monterrey, Nuevo León","Ficha de Ramco Refacciones, negocio registrado en DENUE dentro del giro de refacciones y autopartes en Monterrey, Nuevo León.","Ramco Refacciones es un negocio registrado en DENUE/INEGI dentro del giro de comercio al por menor de partes y refacciones nuevas para automóviles, camionetas y camiones en Monterrey, Nuevo León.",DENUE/INEGI,ok_para_publicar
19039468211000291000000000U0,3031505,PAKO AUTOPARTES,,"Comercio al por menor de partes y refacciones nuevas para automóviles, camionetas y camiones",0 a 5 personas,CALLE,INGENIERO FRANCISCO BELTRAN,2911,,ARGENTINA,64550,"Monterrey, Monterrey, Nuevo León",8183547562,PAKOAUTOPARTES@GMAIL.COM,,Fijo,-100.28450689,25.69155531,,,,1332,024,468211,,46,468,4682,46821,,COLONIA,2010-07,190390001,A,listo para publicar,alta,13,tiene teléfono; tiene correo; tiene coordenadas; dirección suficiente; nombre relevante para refacciones/autopartes; señal comercial B2B/autopartes,buscar web/redes; publicar ficha; enriquecer campos faltantes después,Monterrey,"CALLE, INGENIERO FRANCISCO BELTRAN, 2911, ARGENTINA, 64550, Monterrey, Monterrey, Nuevo León",sí,sí,no,sí,93,72,Pako Autopartes,Refacciones diesel y camión,nuevo-leon,monterrey,pako-autopartes-monterrey-031505,/nuevo-leon/monterrey/pako-autopartes-monterrey-031505/,https://www.rankearefaccionarias.info/nuevo-leon/monterrey/pako-autopartes-monterrey-031505/,published,2026-08-23,,top_100_lanzamiento,false,true,0.8,monthly,2026-08-23,AutoPartsStore,"Pako Autopartes en Monterrey, Nuevo León","Pako Autopartes | Refaccionaria en Monterrey, Nuevo León","Ficha de Pako Autopartes, negocio registrado en DENUE dentro del giro de refacciones y autopartes en Monterrey, Nuevo León.","Pako Autopartes es un negocio registrado en DENUE/INEGI dentro del giro de comercio al por menor de partes y refacciones nuevas para automóviles, camionetas y camiones en Monterrey, Nuevo León.",DENUE/INEGI,ok_para_publicar
19039468211000571000000000U5,2993597,OMNI REFACCIONES,OMNI REFACCIONES,"Comercio al por menor de partes y refacciones nuevas para automóviles, camionetas y camiones",0 a 5 personas,AVENIDA,CRISTOBAL COLON,2834,,ACERO,64580,"Monterrey, Monterrey, Nuevo León",8183556440,OMNI_REFACCIONES@HOTMAIL.COM,,Fijo,-100.28660455,25.68355181,,,,1385,026,468211,,46,468,4682,46821,,MANZANA,2010-07,190390001,A,listo para publicar,alta,13,tiene teléfono; tiene correo; tiene coordenadas; dirección suficiente; nombre relevante para refacciones/autopartes; señal comercial B2B/autopartes,buscar web/redes; publicar ficha; enriquecer campos faltantes después,Monterrey,"AVENIDA, CRISTOBAL COLON, 2834, ACERO, 64580, Monterrey, Monterrey, Nuevo León",sí,sí,no,sí,94,72,Omni Refacciones,Refacciones diesel y camión,nuevo-leon,monterrey,omni-refacciones-monterrey-993597,/nuevo-leon/monterrey/omni-refacciones-monterrey-993597/,https://www.rankearefaccionarias.info/nuevo-leon/monterrey/omni-refacciones-monterrey-993597/,published,2026-08-23,,top_100_lanzamiento,false,true,0.8,monthly,2026-08-23,AutoPartsStore,"Omni Refacciones en Monterrey, Nuevo León","Omni Refacciones | Refaccionaria en Monterrey, Nuevo León","Ficha de Omni Refacciones, negocio registrado en DENUE dentro del giro de refacciones y autopartes en Monterrey, Nuevo León.","Omni Refacciones es un negocio registrado en DENUE/INEGI dentro del giro de comercio al por menor de partes y refacciones nuevas para automóviles, camionetas y camiones en Monterrey, Nuevo León.",DENUE/INEGI,ok_para_publicar
19039468211011482000000000U2,10297902,MONTACARGAS DE REFACCIONES DEL NORTE,MONTACARGAS Y REFACCIONES DEL NORTE,"Comercio al por menor de partes y refacciones nuevas para automóviles, camionetas y camiones",6 a 10 personas,CALLE,INGENIERO FRANCISCO BELTRAN,3716,,VENUSTIANO CARRANZA,64560,"Monterrey, Monterrey, Nuevo León",8183552114,MONKYREFDDNORTE@PRODIGINET.MX,,Fijo,-100.27740105,25.69142406,,,,1351,021,468211,,46,468,4682,46821,,COLONIA,2024-11,190390001,A,listo para publicar,alta,13,tiene teléfono; tiene correo; tiene coordenadas; dirección suficiente; nombre relevante para refacciones/autopartes; señal comercial B2B/autopartes,buscar web/redes; publicar ficha; enriquecer campos faltantes después,Monterrey,"CALLE, INGENIERO FRANCISCO BELTRAN, 3716, VENUSTIANO CARRANZA, 64560, Monterrey, Monterrey, Nuevo León",sí,sí,no,sí,95,72,Montacargas De Refacciones Del Norte,Refacciones diesel y camión,nuevo-leon,monterrey,montacargas-de-refacciones-del-norte-monterrey-297902,/nuevo-leon/monterrey/montacargas-de-refacciones-del-norte-monterrey-297902/,https://www.rankearefaccionarias.info/nuevo-leon/monterrey/montacargas-de-refacciones-del-norte-monterrey-297902/,published,2026-08-23,,top_100_lanzamiento,false,true,0.8,monthly,2026-08-23,AutoPartsStore,"Montacargas De Refacciones Del Norte en Monterrey, Nuevo León","Montacargas De Refacciones Del Norte | Refaccionaria en Monterrey, Nuevo León","Ficha de Montacargas De Refacciones Del Norte, negocio registrado en DENUE dentro del giro de refacciones y autopartes en Monterrey, Nuevo León.","Montacargas De Refacciones Del Norte es un negocio registrado en DENUE/INEGI dentro del giro de comercio al por menor de partes y refacciones nuevas para automóviles, camionetas y camiones en Monterrey, Nuevo León.",DENUE/INEGI,ok_para_publicar
19039468211007381000000000U2,2966923,LIBRADO PENITENCIARIA REFACCIONES Y AUTO PARTES,LIBRAUTO ,"Comercio al por menor de partes y refacciones nuevas para automóviles, camionetas y camiones",0 a 5 personas,AVENIDA,PENITENCIARIA,,,FERROCARRILERA,64270,"Monterrey, Monterrey, Nuevo León",8116940561,MARIOGZZRDZ@HOTMAIL.COM,,Fijo,-100.33764982,25.72362172,,,,0531,038,468211,,46,468,4682,46821,,COLONIA,2014-12,190390001,A,listo para publicar,alta,13,tiene teléfono; tiene correo; tiene coordenadas; dirección suficiente; nombre relevante para refacciones/autopartes; señal comercial B2B/autopartes,buscar web/redes; publicar ficha; enriquecer campos faltantes después,Monterrey,"AVENIDA, PENITENCIARIA, FERROCARRILERA, 64270, Monterrey, Monterrey, Nuevo León",sí,sí,no,sí,96,72,Librado Penitenciaria Refacciones Y Auto Partes,Refacciones diesel y camión,nuevo-leon,monterrey,librado-penitenciaria-refacciones-y-auto-partes-monterrey-966923,/nuevo-leon/monterrey/librado-penitenciaria-refacciones-y-auto-partes-monterrey-966923/,https://www.rankearefaccionarias.info/nuevo-leon/monterrey/librado-penitenciaria-refacciones-y-auto-partes-monterrey-966923/,published,2026-08-23,,top_100_lanzamiento,false,true,0.8,monthly,2026-08-23,AutoPartsStore,"Librado Penitenciaria Refacciones Y Auto Partes en Monterrey, Nuevo León","Librado Penitenciaria Refacciones Y Auto Partes | Refaccionaria en Monterrey, Nuevo León","Ficha de Librado Penitenciaria Refacciones Y Auto Partes, negocio registrado en DENUE dentro del giro de refacciones y autopartes en Monterrey, Nuevo León.","Librado Penitenciaria Refacciones Y Auto Partes es un negocio registrado en DENUE/INEGI dentro del giro de comercio al por menor de partes y refacciones nuevas para automóviles, camionetas y camiones en Monterrey, Nuevo León.",DENUE/INEGI,ok_para_publicar
19039468211006971000000000U1,2966880,JC REFACCIONES,,"Comercio al por menor de partes y refacciones nuevas para automóviles, camionetas y camiones",0 a 5 personas,CALLE,PALACIO DE JUSTICIA,,,FERROCARRILERA,64250,"Monterrey, Monterrey, Nuevo León",8113426275,JCARMELO71@HOTMAIL.COM,,Fijo,-100.33939571,25.72657556,,,,0531,005,468211,,46,468,4682,46821,,CIUDAD,2014-12,190390001,A,listo para publicar,alta,13,tiene teléfono; tiene correo; tiene coordenadas; dirección suficiente; nombre relevante para refacciones/autopartes; señal comercial B2B/autopartes,buscar web/redes; publicar ficha; enriquecer campos faltantes después,Monterrey,"CALLE, PALACIO DE JUSTICIA, FERROCARRILERA, 64250, Monterrey, Monterrey, Nuevo León",sí,sí,no,sí,97,72,Jc Refacciones,Refacciones diesel y camión,nuevo-leon,monterrey,jc-refacciones-monterrey-966880,/nuevo-leon/monterrey/jc-refacciones-monterrey-966880/,https://www.rankearefaccionarias.info/nuevo-leon/monterrey/jc-refacciones-monterrey-966880/,published,2026-08-23,,top_100_lanzamiento,false,true,0.8,monthly,2026-08-23,AutoPartsStore,"Jc Refacciones en Monterrey, Nuevo León","Jc Refacciones | Refaccionaria en Monterrey, Nuevo León","Ficha de Jc Refacciones, negocio registrado en DENUE dentro del giro de refacciones y autopartes en Monterrey, Nuevo León.","Jc Refacciones es un negocio registrado en DENUE/INEGI dentro del giro de comercio al por menor de partes y refacciones nuevas para automóviles, camionetas y camiones en Monterrey, Nuevo León.",DENUE/INEGI,ok_para_publicar
19039468211000151000000000U6,2927409,IDRASA AUTOPARTES,IDRASA AUTOPARTES,"Comercio al por menor de partes y refacciones nuevas para automóviles, camionetas y camiones",11 a 30 personas,AVENIDA,GENERAL BERNARDO REYES,1817,,INDUSTRIAL,64440,"Monterrey, Monterrey, Nuevo León",8186470567,ADMIN@IDRASA.COM.MX,,Fijo,-100.32404494,25.69385519,,,,1224,023,468211,,46,468,4682,46821,,COLONIA,2010-07,190390001,A,listo para publicar,alta,13,tiene teléfono; tiene correo; tiene coordenadas; dirección suficiente; nombre relevante para refacciones/autopartes; señal comercial B2B/autopartes,buscar web/redes; publicar ficha; enriquecer campos faltantes después,Monterrey,"AVENIDA, GENERAL BERNARDO REYES, 1817, INDUSTRIAL, 64440, Monterrey, Monterrey, Nuevo León",sí,sí,no,sí,98,72,Idrasa Autopartes,Refacciones diesel y camión,nuevo-leon,monterrey,idrasa-autopartes-monterrey-927409,/nuevo-leon/monterrey/idrasa-autopartes-monterrey-927409/,https://www.rankearefaccionarias.info/nuevo-leon/monterrey/idrasa-autopartes-monterrey-927409/,published,2026-08-23,,top_100_lanzamiento,false,true,0.8,monthly,2026-08-23,AutoPartsStore,"Idrasa Autopartes en Monterrey, Nuevo León","Idrasa Autopartes | Refaccionaria en Monterrey, Nuevo León","Ficha de Idrasa Autopartes, negocio registrado en DENUE dentro del giro de refacciones y autopartes en Monterrey, Nuevo León.","Idrasa Autopartes es un negocio registrado en DENUE/INEGI dentro del giro de comercio al por menor de partes y refacciones nuevas para automóviles, camionetas y camiones en Monterrey, Nuevo León.",DENUE/INEGI,ok_para_publicar
19039468211006582001000000U6,2927806,DARIO REFACCIONES,,"Comercio al por menor de partes y refacciones nuevas para automóviles, camionetas y camiones",0 a 5 personas,CALZADA,FRANCISCO I MADERO,2243,,INDUSTRIAL,64000,"Monterrey, Monterrey, Nuevo León",8117373374,NORMAVELAZAQUEZCORONDO@HOTMAIL.COM,,Fijo,-100.33388672,25.68626073,,,,1205,014,468211,,46,468,4682,46821,,COLONIA,2011-03,190390001,A,listo para publicar,alta,13,tiene teléfono; tiene correo; tiene coordenadas; dirección suficiente; nombre relevante para refacciones/autopartes; señal comercial B2B/autopartes,buscar web/redes; publicar ficha; enriquecer campos faltantes después,Monterrey,"CALZADA, FRANCISCO I MADERO, 2243, INDUSTRIAL, 64000, Monterrey, Monterrey, Nuevo León",sí,sí,no,sí,99,72,Dario Refacciones,Refacciones diesel y camión,nuevo-leon,monterrey,dario-refacciones-monterrey-927806,/nuevo-leon/monterrey/dario-refacciones-monterrey-927806/,https://www.rankearefaccionarias.info/nuevo-leon/monterrey/dario-refacciones-monterrey-927806/,published,2026-08-23,,top_100_lanzamiento,false,true,0.8,monthly,2026-08-23,AutoPartsStore,"Dario Refacciones en Monterrey, Nuevo León","Dario Refacciones | Refaccionaria en Monterrey, Nuevo León","Ficha de Dario Refacciones, negocio registrado en DENUE dentro del giro de refacciones y autopartes en Monterrey, Nuevo León.","Dario Refacciones es un negocio registrado en DENUE/INEGI dentro del giro de comercio al por menor de partes y refacciones nuevas para automóviles, camionetas y camiones en Monterrey, Nuevo León.",DENUE/INEGI,ok_para_publicar
19039468211003181000000000U0,3029804,AUTOPARTES MAS,,"Comercio al por menor de partes y refacciones nuevas para automóviles, camionetas y camiones",0 a 5 personas,CALLE,PABLO A DE LA GARZA,421,,MODERNA,64530,"Monterrey, Monterrey, Nuevo León",8183552656,AUTOPARTESMAS@HOTMAIL.COM,,Fijo,-100.28741041,25.69604729,,,,1046,032,468211,,46,468,4682,46821,,COLONIA,2010-07,190390001,A,listo para publicar,alta,13,tiene teléfono; tiene correo; tiene coordenadas; dirección suficiente; nombre relevante para refacciones/autopartes; señal comercial B2B/autopartes,buscar web/redes; publicar ficha; enriquecer campos faltantes después,Monterrey,"CALLE, PABLO A DE LA GARZA, 421, MODERNA, 64530, Monterrey, Monterrey, Nuevo León",sí,sí,no,sí,100,72,Autopartes Mas,Refacciones diesel y camión,nuevo-leon,monterrey,autopartes-mas-monterrey-029804,/nuevo-leon/monterrey/autopartes-mas-monterrey-029804/,https://www.rankearefaccionarias.info/nuevo-leon/monterrey/autopartes-mas-monterrey-029804/,published,2026-08-23,,top_100_lanzamiento,false,true,0.8,monthly,2026-08-23,AutoPartsStore,"Autopartes Mas en Monterrey, Nuevo León","Autopartes Mas | Refaccionaria en Monterrey, Nuevo León","Ficha de Autopartes Mas, negocio registrado en DENUE dentro del giro de refacciones y autopartes en Monterrey, Nuevo León.","Autopartes Mas es un negocio registrado en DENUE/INEGI dentro del giro de comercio al por menor de partes y refacciones nuevas para automóviles, camionetas y camiones en Monterrey, Nuevo León.",DENUE/INEGI,ok_para_publicar
